--
-- File generated with SQLiteStudio v3.2.1 on Fri Oct 19 17:35:52 2018
--
-- Text encoding used: System
--
PRAGMA foreign_keys = off;
BEGIN TRANSACTION;

-- Table: Car
DROP TABLE IF EXISTS Car;
CREATE TABLE Car (Car_id INTEGER PRIMARY KEY, Car_Make_Model VARCHAR, Car_Model VARCHAR, Car_Series VARCHAR, Car_SeriesYear INTEGER, Car_PriceNew INTEGER, Car_EngineSize VARCHAR, Car_FuelSystem VARCHAR, Car_TankCapacity VARCHAR, Car_Power VARCHAR, Car_SeatingCapacity INTEGER, Car_BodyType VARCHAR, Car_Drive VARCHAR, Car_Wheelbase VARCHAR);
INSERT INTO Car (Car_id, Car_Make_Model, Car_Model, Car_Series, Car_SeriesYear, Car_PriceNew, Car_EngineSize, Car_FuelSystem, Car_TankCapacity, Car_Power, Car_SeatingCapacity, Car_BodyType, Car_Drive, Car_Wheelbase) VALUES (14806, 'LAND ROVER', 'DISCOVERY 3', 'HSE', 2006, 83650, '2.7L', 'DIESEL TURBO F/INJ', '82L', '140Kw', 7, '6A', '4D WAGON', '4WD');
INSERT INTO Car (Car_id, Car_Make_Model, Car_Model, Car_Series, Car_SeriesYear, Car_PriceNew, Car_EngineSize, Car_FuelSystem, Car_TankCapacity, Car_Power, Car_SeatingCapacity, Car_BodyType, Car_Drive, Car_Wheelbase) VALUES (14810, 'LAND ROVER', 'DISCOVERY', 'Tdi 4x4', 1996, 51800, '2.5L', 'DIESEL TURBO', '88.5L', '83Kw', 5, '4A4x4', '4D WAGON', '4WD');
INSERT INTO Car (Car_id, Car_Make_Model, Car_Model, Car_Series, Car_SeriesYear, Car_PriceNew, Car_EngineSize, Car_FuelSystem, Car_TankCapacity, Car_Power, Car_SeatingCapacity, Car_BodyType, Car_Drive, Car_Wheelbase) VALUES (14811, 'LAND ROVER', 'FREELANDER', 'XEi 4x4', 2000, 34886, '1.8L', 'MULTI POINT F/INJ', '59L', '84Kw', 5, '5M4x4', '3D HARDBACK', '4WD');
INSERT INTO Car (Car_id, Car_Make_Model, Car_Model, Car_Series, Car_SeriesYear, Car_PriceNew, Car_EngineSize, Car_FuelSystem, Car_TankCapacity, Car_Power, Car_SeatingCapacity, Car_BodyType, Car_Drive, Car_Wheelbase) VALUES (14812, 'LAND ROVER', 'DISCOVERY', 'ES V8 4x4', 1999, 66000, '4.0L', 'MULTI POINT F/INJ', '95L', '132Kw', 7, '4A', '4D WAGON', '4WD');
INSERT INTO Car (Car_id, Car_Make_Model, Car_Model, Car_Series, Car_SeriesYear, Car_PriceNew, Car_EngineSize, Car_FuelSystem, Car_TankCapacity, Car_Power, Car_SeatingCapacity, Car_BodyType, Car_Drive, Car_Wheelbase) VALUES (14813, 'LAND ROVER', 'DISCOVERY', 'Tdi 4x4', 1994, 50430, '2.5L', 'DIESEL TURBO', '88.5L', '83Kw', 5, '4A4x4', '4D WAGON', '4WD');
INSERT INTO Car (Car_id, Car_Make_Model, Car_Model, Car_Series, Car_SeriesYear, Car_PriceNew, Car_EngineSize, Car_FuelSystem, Car_TankCapacity, Car_Power, Car_SeatingCapacity, Car_BodyType, Car_Drive, Car_Wheelbase) VALUES (14814, 'LAND ROVER', 'DISCOVERY', 'SERIES II SE 4x4', 2004, 71450, '4.0L', 'MULTI POINT F/INJ', '93L', '136Kw', 7, '4A', '4D WAGON', '4WD');
INSERT INTO Car (Car_id, Car_Make_Model, Car_Model, Car_Series, Car_SeriesYear, Car_PriceNew, Car_EngineSize, Car_FuelSystem, Car_TankCapacity, Car_Power, Car_SeatingCapacity, Car_BodyType, Car_Drive, Car_Wheelbase) VALUES (14815, 'LAND ROVER', '(4x4)', 'SWB', 1978, 9045, '2.3L', 'DIESEL', '45L', '46Kw', 8, '4M4x4', '2D HARDTOP', '4WD');
INSERT INTO Car (Car_id, Car_Make_Model, Car_Model, Car_Series, Car_SeriesYear, Car_PriceNew, Car_EngineSize, Car_FuelSystem, Car_TankCapacity, Car_Power, Car_SeatingCapacity, Car_BodyType, Car_Drive, Car_Wheelbase) VALUES (14816, 'LAND ROVER', 'DISCOVERY', 'SERIES II S 4x4', 2003, 55450, '4.0L', 'MULTI POINT F/INJ', '93L', '136Kw', 7, '4A', '4D WAGON', '4WD');
INSERT INTO Car (Car_id, Car_Make_Model, Car_Model, Car_Series, Car_SeriesYear, Car_PriceNew, Car_EngineSize, Car_FuelSystem, Car_TankCapacity, Car_Power, Car_SeatingCapacity, Car_BodyType, Car_Drive, Car_Wheelbase) VALUES (14817, 'LAND ROVER', 'DISCOVERY', 'SERIES II', 2003, 51950, '2.5L', 'DIESEL TURBO F/INJ', '93L', '101Kw', 5, '5M', '4D WAGON', '4WD');
INSERT INTO Car (Car_id, Car_Make_Model, Car_Model, Car_Series, Car_SeriesYear, Car_PriceNew, Car_EngineSize, Car_FuelSystem, Car_TankCapacity, Car_Power, Car_SeatingCapacity, Car_BodyType, Car_Drive, Car_Wheelbase) VALUES (14818, 'LAND ROVER', 'DISCOVERY', 'S 4x4', 1998, 39990, '2.5L', 'DIESEL TURBO', '88.5L', '83Kw', 5, '5M4x4', '4D WAGON', '4WD');
INSERT INTO Car (Car_id, Car_Make_Model, Car_Model, Car_Series, Car_SeriesYear, Car_PriceNew, Car_EngineSize, Car_FuelSystem, Car_TankCapacity, Car_Power, Car_SeatingCapacity, Car_BodyType, Car_Drive, Car_Wheelbase) VALUES (14819, 'LAND ROVER', '(4x4)', 'LWB', 1972, 5203, '2.3L', 'DIESEL', '73L', '46Kw', 12, '4M4x4', '2D HARDTOP', '4WD');
INSERT INTO Car (Car_id, Car_Make_Model, Car_Model, Car_Series, Car_SeriesYear, Car_PriceNew, Car_EngineSize, Car_FuelSystem, Car_TankCapacity, Car_Power, Car_SeatingCapacity, Car_BodyType, Car_Drive, Car_Wheelbase) VALUES (14831, 'BMW', 'X5', 'E53 3.0d', 2004, 84500, '3.0L', 'TURBO CDI', '93L', '150Kw', 5, '6A', '4D WAGON', '4WD');
INSERT INTO Car (Car_id, Car_Make_Model, Car_Model, Car_Series, Car_SeriesYear, Car_PriceNew, Car_EngineSize, Car_FuelSystem, Car_TankCapacity, Car_Power, Car_SeatingCapacity, Car_BodyType, Car_Drive, Car_Wheelbase) VALUES (14832, 'BMW', '3', 'E46 18i EXECUTIVE', 2002, 56550, '2.0L', 'MULTI POINT F/INJ', '63L', '105Kw', 5, '5AS', '4D SEDAN', 'RWD');
INSERT INTO Car (Car_id, Car_Make_Model, Car_Model, Car_Series, Car_SeriesYear, Car_PriceNew, Car_EngineSize, Car_FuelSystem, Car_TankCapacity, Car_Power, Car_SeatingCapacity, Car_BodyType, Car_Drive, Car_Wheelbase) VALUES (14833, 'BMW', '3', '23i', 1996, 62550, '2.5L', 'MULTI POINT F/INJ', '62L', '125Kw', 5, '5M', '4D SEDAN', 'RWD');
INSERT INTO Car (Car_id, Car_Make_Model, Car_Model, Car_Series, Car_SeriesYear, Car_PriceNew, Car_EngineSize, Car_FuelSystem, Car_TankCapacity, Car_Power, Car_SeatingCapacity, Car_BodyType, Car_Drive, Car_Wheelbase) VALUES (14834, 'BMW', '3', 'E46 30Ci', 2001, 109050, '3.0L', 'MULTI POINT F/INJ', '63L', '170Kw', 5, '5AS', '2D CONVERTIBLE', 'RWD');
INSERT INTO Car (Car_id, Car_Make_Model, Car_Model, Car_Series, Car_SeriesYear, Car_PriceNew, Car_EngineSize, Car_FuelSystem, Car_TankCapacity, Car_Power, Car_SeatingCapacity, Car_BodyType, Car_Drive, Car_Wheelbase) VALUES (14835, 'BMW', '7', '35i EXECUTIVE', 1987, 136500, '3.4L', 'ELECTRONIC F/INJ', '90L', '155Kw', 5, '4A', '4D SEDAN', 'RWD');
INSERT INTO Car (Car_id, Car_Make_Model, Car_Model, Car_Series, Car_SeriesYear, Car_PriceNew, Car_EngineSize, Car_FuelSystem, Car_TankCapacity, Car_Power, Car_SeatingCapacity, Car_BodyType, Car_Drive, Car_Wheelbase) VALUES (14836, 'BMW', '5', 'E60 25i', 2005, 89000, '2.5L', 'MULTI POINT F/INJ', '70L', '141Kw', 5, '6AS', '4D SEDAN', 'RWD');
INSERT INTO Car (Car_id, Car_Make_Model, Car_Model, Car_Series, Car_SeriesYear, Car_PriceNew, Car_EngineSize, Car_FuelSystem, Car_TankCapacity, Car_Power, Car_SeatingCapacity, Car_BodyType, Car_Drive, Car_Wheelbase) VALUES (14837, 'BMW', '3', 'E91 23i TOURING', 2006, 71500, '2.5L', 'MULTI POINT F/INJ', '60L', '130Kw', 5, '6AS', '4D WAGON', 'RWD');
INSERT INTO Car (Car_id, Car_Make_Model, Car_Model, Car_Series, Car_SeriesYear, Car_PriceNew, Car_EngineSize, Car_FuelSystem, Car_TankCapacity, Car_Power, Car_SeatingCapacity, Car_BodyType, Car_Drive, Car_Wheelbase) VALUES (14838, 'BMW', '5', 'E34 25i EXECUTIVE', 1996, 98200, '2.5L', 'ELECTRONIC F/INJ', '80L', '141Kw', 5, '5A', '4D SEDAN', 'RWD');
INSERT INTO Car (Car_id, Car_Make_Model, Car_Model, Car_Series, Car_SeriesYear, Car_PriceNew, Car_EngineSize, Car_FuelSystem, Car_TankCapacity, Car_Power, Car_SeatingCapacity, Car_BodyType, Car_Drive, Car_Wheelbase) VALUES (14839, 'BMW', '3', 'E36 16i OPEN AIR', 1995, 46200, '1.6L', 'MULTI POINT F/INJ', '52L', '75Kw', 5, '5M', '3D HATCHBACK', 'RWD');
INSERT INTO Car (Car_id, Car_Make_Model, Car_Model, Car_Series, Car_SeriesYear, Car_PriceNew, Car_EngineSize, Car_FuelSystem, Car_TankCapacity, Car_Power, Car_SeatingCapacity, Car_BodyType, Car_Drive, Car_Wheelbase) VALUES (14842, 'BMW', '3', 'E90 20i EXECUTIVE', 2005, 57200, '2.0L', 'MULTI POINT F/INJ', '65L', '110Kw', 5, '6AS', '4D SEDAN', 'RWD');
INSERT INTO Car (Car_id, Car_Make_Model, Car_Model, Car_Series, Car_SeriesYear, Car_PriceNew, Car_EngineSize, Car_FuelSystem, Car_TankCapacity, Car_Power, Car_SeatingCapacity, Car_BodyType, Car_Drive, Car_Wheelbase) VALUES (14843, 'BMW', '3', 'E46 30i', 2001, 90700, '3.0L', 'MULTI POINT F/INJ', '63L', '170Kw', 5, '5AS', '4D SEDAN', 'RWD');
INSERT INTO Car (Car_id, Car_Make_Model, Car_Model, Car_Series, Car_SeriesYear, Car_PriceNew, Car_EngineSize, Car_FuelSystem, Car_TankCapacity, Car_Power, Car_SeatingCapacity, Car_BodyType, Car_Drive, Car_Wheelbase) VALUES (14846, 'BMW', 'X5', 'E53 3.0i', 2004, 84000, '3.0L', 'MULTI POINT F/INJ', '93L', '170Kw', 5, '5AS', '4D WAGON', '4WD');
INSERT INTO Car (Car_id, Car_Make_Model, Car_Model, Car_Series, Car_SeriesYear, Car_PriceNew, Car_EngineSize, Car_FuelSystem, Car_TankCapacity, Car_Power, Car_SeatingCapacity, Car_BodyType, Car_Drive, Car_Wheelbase) VALUES (14847, 'BMW', '3', '18is', 1998, 56600, '1.9L', 'MULTI POINT F/INJ', '65L', '103Kw', 5, '4A', '4D SEDAN', 'RWD');
INSERT INTO Car (Car_id, Car_Make_Model, Car_Model, Car_Series, Car_SeriesYear, Car_PriceNew, Car_EngineSize, Car_FuelSystem, Car_TankCapacity, Car_Power, Car_SeatingCapacity, Car_BodyType, Car_Drive, Car_Wheelbase) VALUES (14850, 'BMW', '7', '35i', 1984, 59500, '3.2L', 'ELECTRONIC F/INJ', '100L', '145Kw', 5, '4A', '4D SEDAN', 'RWD');
INSERT INTO Car (Car_id, Car_Make_Model, Car_Model, Car_Series, Car_SeriesYear, Car_PriceNew, Car_EngineSize, Car_FuelSystem, Car_TankCapacity, Car_Power, Car_SeatingCapacity, Car_BodyType, Car_Drive, Car_Wheelbase) VALUES (14851, 'BMW', '3', 'E46 20i SPORT', 2005, 65300, '2.2L', 'MULTI POINT F/INJ', '63L', '125Kw', 5, '5AS', '4D SEDAN', 'RWD');
INSERT INTO Car (Car_id, Car_Make_Model, Car_Model, Car_Series, Car_SeriesYear, Car_PriceNew, Car_EngineSize, Car_FuelSystem, Car_TankCapacity, Car_Power, Car_SeatingCapacity, Car_BodyType, Car_Drive, Car_Wheelbase) VALUES (14852, 'BMW', '3', 'E46 16ti', 2002, 43869, '1.8L', 'MULTI POINT F/INJ', '63L', '85Kw', 5, '5AS', '3D HATCHBACK', 'RWD');
INSERT INTO Car (Car_id, Car_Make_Model, Car_Model, Car_Series, Car_SeriesYear, Car_PriceNew, Car_EngineSize, Car_FuelSystem, Car_TankCapacity, Car_Power, Car_SeatingCapacity, Car_BodyType, Car_Drive, Car_Wheelbase) VALUES (14853, 'BMW', '1', 'E87 20i', 2005, 44100, '2.0L', 'MULTI POINT F/INJ', '50L', '110Kw', 5, '6A', '5D HATCHBACK', 'RWD');
INSERT INTO Car (Car_id, Car_Make_Model, Car_Model, Car_Series, Car_SeriesYear, Car_PriceNew, Car_EngineSize, Car_FuelSystem, Car_TankCapacity, Car_Power, Car_SeatingCapacity, Car_BodyType, Car_Drive, Car_Wheelbase) VALUES (14854, 'BMW', '3', '20i', 1989, 54700, '2.0L', 'ELECTRONIC F/INJ', '65L', '95Kw', 5, '5M', '4D SEDAN', 'RWD');
INSERT INTO Car (Car_id, Car_Make_Model, Car_Model, Car_Series, Car_SeriesYear, Car_PriceNew, Car_EngineSize, Car_FuelSystem, Car_TankCapacity, Car_Power, Car_SeatingCapacity, Car_BodyType, Car_Drive, Car_Wheelbase) VALUES (14855, 'BMW', '3', 'E46 20Ci', 2001, 67050, '2.2L', 'MULTI POINT F/INJ', '63L', '125Kw', 5, '5AS', '2D COUPE', 'RWD');
INSERT INTO Car (Car_id, Car_Make_Model, Car_Model, Car_Series, Car_SeriesYear, Car_PriceNew, Car_EngineSize, Car_FuelSystem, Car_TankCapacity, Car_Power, Car_SeatingCapacity, Car_BodyType, Car_Drive, Car_Wheelbase) VALUES (14856, 'BMW', '3', '25i', 1988, 74500, '2.5L', 'ELECTRONIC F/INJ', '55L', '125Kw', 5, '4A', '4D SEDAN', 'RWD');
INSERT INTO Car (Car_id, Car_Make_Model, Car_Model, Car_Series, Car_SeriesYear, Car_PriceNew, Car_EngineSize, Car_FuelSystem, Car_TankCapacity, Car_Power, Car_SeatingCapacity, Car_BodyType, Car_Drive, Car_Wheelbase) VALUES (14857, 'BMW', '3', 'E46 18i SPORT', 2005, 54500, '2.0L', 'MULTI POINT F/INJ', '63L', '105Kw', 5, '5M', '4D SEDAN', 'RWD');
INSERT INTO Car (Car_id, Car_Make_Model, Car_Model, Car_Series, Car_SeriesYear, Car_PriceNew, Car_EngineSize, Car_FuelSystem, Car_TankCapacity, Car_Power, Car_SeatingCapacity, Car_BodyType, Car_Drive, Car_Wheelbase) VALUES (14858, 'BMW', '3', 'E36 28i', 1996, 83330, '2.8L', 'MULTI POINT F/INJ', '65L', '142Kw', 5, '5A', '4D SEDAN', 'RWD');
INSERT INTO Car (Car_id, Car_Make_Model, Car_Model, Car_Series, Car_SeriesYear, Car_PriceNew, Car_EngineSize, Car_FuelSystem, Car_TankCapacity, Car_Power, Car_SeatingCapacity, Car_BodyType, Car_Drive, Car_Wheelbase) VALUES (14859, 'BMW', '5', '28i', 1997, 96500, '2.8L', 'MULTI POINT F/INJ', '70L', '142Kw', 5, '5AS', '4D SEDAN', 'RWD');
INSERT INTO Car (Car_id, Car_Make_Model, Car_Model, Car_Series, Car_SeriesYear, Car_PriceNew, Car_EngineSize, Car_FuelSystem, Car_TankCapacity, Car_Power, Car_SeatingCapacity, Car_BodyType, Car_Drive, Car_Wheelbase) VALUES (14860, 'BMW', '3', '18i', 1997, 51320, '1.8L', 'ELECTRONIC F/INJ', '65L', '85Kw', 5, '4A', '4D SEDAN', 'RWD');
INSERT INTO Car (Car_id, Car_Make_Model, Car_Model, Car_Series, Car_SeriesYear, Car_PriceNew, Car_EngineSize, Car_FuelSystem, Car_TankCapacity, Car_Power, Car_SeatingCapacity, Car_BodyType, Car_Drive, Car_Wheelbase) VALUES (14861, 'BMW', '3', '18is', 1997, 55100, '1.9L', 'MULTI POINT F/INJ', '65L', '103Kw', 5, '5M', '4D SEDAN', 'RWD');
INSERT INTO Car (Car_id, Car_Make_Model, Car_Model, Car_Series, Car_SeriesYear, Car_PriceNew, Car_EngineSize, Car_FuelSystem, Car_TankCapacity, Car_Power, Car_SeatingCapacity, Car_BodyType, Car_Drive, Car_Wheelbase) VALUES (14862, 'BMW', '3', 'E46 18i EXECUTIVE', 2001, 53950, '2.0L', 'MULTI POINT F/INJ', '63L', '105Kw', 5, '5M', '4D SEDAN', 'RWD');
INSERT INTO Car (Car_id, Car_Make_Model, Car_Model, Car_Series, Car_SeriesYear, Car_PriceNew, Car_EngineSize, Car_FuelSystem, Car_TankCapacity, Car_Power, Car_SeatingCapacity, Car_BodyType, Car_Drive, Car_Wheelbase) VALUES (14863, 'BMW', 'X5', 'E53 3.0i', 2001, 82350, '3.0L', 'MULTI POINT F/INJ', '93L', '170Kw', 5, '5AS', '4D WAGON', '4WD');
INSERT INTO Car (Car_id, Car_Make_Model, Car_Model, Car_Series, Car_SeriesYear, Car_PriceNew, Car_EngineSize, Car_FuelSystem, Car_TankCapacity, Car_Power, Car_SeatingCapacity, Car_BodyType, Car_Drive, Car_Wheelbase) VALUES (14864, 'BMW', '1', 'E87 20d', 2006, 47800, '2.0L', 'DIESEL TURBO F/INJ', '51L', '115Kw', 5, '6A', '5D HATCHBACK', 'RWD');
INSERT INTO Car (Car_id, Car_Make_Model, Car_Model, Car_Series, Car_SeriesYear, Car_PriceNew, Car_EngineSize, Car_FuelSystem, Car_TankCapacity, Car_Power, Car_SeatingCapacity, Car_BodyType, Car_Drive, Car_Wheelbase) VALUES (14865, 'BMW', '3', 'E46 18i EXECUTIVE', 2000, 52070, '1.9L', 'MULTI POINT F/INJ', '63L', '87Kw', 5, '5M', '4D SEDAN', 'RWD');
INSERT INTO Car (Car_id, Car_Make_Model, Car_Model, Car_Series, Car_SeriesYear, Car_PriceNew, Car_EngineSize, Car_FuelSystem, Car_TankCapacity, Car_Power, Car_SeatingCapacity, Car_BodyType, Car_Drive, Car_Wheelbase) VALUES (14866, 'BMW', 'X5', 'E53 3.0i', 2006, 84000, '3.0L', 'MULTI POINT F/INJ', '93L', '170Kw', 5, '5AS', '4D WAGON', '4WD');
INSERT INTO Car (Car_id, Car_Make_Model, Car_Model, Car_Series, Car_SeriesYear, Car_PriceNew, Car_EngineSize, Car_FuelSystem, Car_TankCapacity, Car_Power, Car_SeatingCapacity, Car_BodyType, Car_Drive, Car_Wheelbase) VALUES (14867, 'BMW', '3', '18i', 1995, 49650, '1.8L', 'ELECTRONIC F/INJ', '65L', '85Kw', 5, '5M', '4D SEDAN', 'RWD');
INSERT INTO Car (Car_id, Car_Make_Model, Car_Model, Car_Series, Car_SeriesYear, Car_PriceNew, Car_EngineSize, Car_FuelSystem, Car_TankCapacity, Car_Power, Car_SeatingCapacity, Car_BodyType, Car_Drive, Car_Wheelbase) VALUES (14870, 'BMW', '3', '23Ci', 1999, 73900, '2.5L', 'MULTI POINT F/INJ', '63L', '125Kw', 5, '5M', '2D COUPE', 'RWD');
INSERT INTO Car (Car_id, Car_Make_Model, Car_Model, Car_Series, Car_SeriesYear, Car_PriceNew, Car_EngineSize, Car_FuelSystem, Car_TankCapacity, Car_Power, Car_SeatingCapacity, Car_BodyType, Car_Drive, Car_Wheelbase) VALUES (14871, 'BMW', 'X5', 'E53 MY06 UPGRADE 3.0d', 2006, 86800, '3.0L', 'TURBO CDI', '93L', '150Kw', 5, '6A', '4D WAGON', '4WD');
INSERT INTO Car (Car_id, Car_Make_Model, Car_Model, Car_Series, Car_SeriesYear, Car_PriceNew, Car_EngineSize, Car_FuelSystem, Car_TankCapacity, Car_Power, Car_SeatingCapacity, Car_BodyType, Car_Drive, Car_Wheelbase) VALUES (14872, 'BMW', '3', 'E46 18i', 1999, 54370, '1.9L', 'MULTI POINT F/INJ', '63L', '87Kw', 5, '5M', '4D SEDAN', 'RWD');
INSERT INTO Car (Car_id, Car_Make_Model, Car_Model, Car_Series, Car_SeriesYear, Car_PriceNew, Car_EngineSize, Car_FuelSystem, Car_TankCapacity, Car_Power, Car_SeatingCapacity, Car_BodyType, Car_Drive, Car_Wheelbase) VALUES (14873, 'BMW', '3', '18is', 1996, 57110, '1.8L', 'ELECTRONIC F/INJ', '65L', '103Kw', 5, '4A', '2D COUPE', 'RWD');
INSERT INTO Car (Car_id, Car_Make_Model, Car_Model, Car_Series, Car_SeriesYear, Car_PriceNew, Car_EngineSize, Car_FuelSystem, Car_TankCapacity, Car_Power, Car_SeatingCapacity, Car_BodyType, Car_Drive, Car_Wheelbase) VALUES (14874, 'BMW', '3', 'E46 16ti', 2004, 41750, '1.8L', 'MULTI POINT F/INJ', '63L', '85Kw', 5, '5M', '3D HATCHBACK', 'RWD');
INSERT INTO Car (Car_id, Car_Make_Model, Car_Model, Car_Series, Car_SeriesYear, Car_PriceNew, Car_EngineSize, Car_FuelSystem, Car_TankCapacity, Car_Power, Car_SeatingCapacity, Car_BodyType, Car_Drive, Car_Wheelbase) VALUES (14875, 'BMW', '3', '18i', 1989, 36950, '1.8L', 'ELECTRONIC F/INJ', '55L', '83Kw', 5, '5M', '2D SEDAN', 'RWD');
INSERT INTO Car (Car_id, Car_Make_Model, Car_Model, Car_Series, Car_SeriesYear, Car_PriceNew, Car_EngineSize, Car_FuelSystem, Car_TankCapacity, Car_Power, Car_SeatingCapacity, Car_BodyType, Car_Drive, Car_Wheelbase) VALUES (14876, 'BMW', '3', '18i', 1994, 46500, '1.8L', 'ELECTRONIC F/INJ', '65L', '85Kw', 5, '5M', '4D SEDAN', 'RWD');
INSERT INTO Car (Car_id, Car_Make_Model, Car_Model, Car_Series, Car_SeriesYear, Car_PriceNew, Car_EngineSize, Car_FuelSystem, Car_TankCapacity, Car_Power, Car_SeatingCapacity, Car_BodyType, Car_Drive, Car_Wheelbase) VALUES (14877, 'BMW', '3', 'E90 20i', 2006, 53400, '2.0L', 'MULTI POINT F/INJ', '65L', '110Kw', 5, '6AS', '4D SEDAN', 'RWD');
INSERT INTO Car (Car_id, Car_Make_Model, Car_Model, Car_Series, Car_SeriesYear, Car_PriceNew, Car_EngineSize, Car_FuelSystem, Car_TankCapacity, Car_Power, Car_SeatingCapacity, Car_BodyType, Car_Drive, Car_Wheelbase) VALUES (14878, 'BMW', '5', 'E39 23i', 1996, 83600, '2.5L', 'MULTI POINT F/INJ', '70L', '125Kw', 5, '5AS', '4D SEDAN', 'RWD');
INSERT INTO Car (Car_id, Car_Make_Model, Car_Model, Car_Series, Car_SeriesYear, Car_PriceNew, Car_EngineSize, Car_FuelSystem, Car_TankCapacity, Car_Power, Car_SeatingCapacity, Car_BodyType, Car_Drive, Car_Wheelbase) VALUES (14879, 'BMW', '5', 'E39 30i SPORT', 2002, 101400, '3.0L', 'MULTI POINT F/INJ', '70L', '170Kw', 5, '5AS', '4D SEDAN', 'RWD');
INSERT INTO Car (Car_id, Car_Make_Model, Car_Model, Car_Series, Car_SeriesYear, Car_PriceNew, Car_EngineSize, Car_FuelSystem, Car_TankCapacity, Car_Power, Car_SeatingCapacity, Car_BodyType, Car_Drive, Car_Wheelbase) VALUES (14880, 'BMW', '5', '20i', 1991, 69100, '2.0L', 'ELECTRONIC F/INJ', '80L', '110Kw', 5, '5A', '4D SEDAN', 'RWD');
INSERT INTO Car (Car_id, Car_Make_Model, Car_Model, Car_Series, Car_SeriesYear, Car_PriceNew, Car_EngineSize, Car_FuelSystem, Car_TankCapacity, Car_Power, Car_SeatingCapacity, Car_BodyType, Car_Drive, Car_Wheelbase) VALUES (14881, 'BMW', '3', '18i', 1991, 44300, '1.8L', 'ELECTRONIC F/INJ', '65L', '85Kw', 5, '4A', '4D SEDAN', 'RWD');
INSERT INTO Car (Car_id, Car_Make_Model, Car_Model, Car_Series, Car_SeriesYear, Car_PriceNew, Car_EngineSize, Car_FuelSystem, Car_TankCapacity, Car_Power, Car_SeatingCapacity, Car_BodyType, Car_Drive, Car_Wheelbase) VALUES (14882, 'BMW', '3', 'E46 18i', 2000, 48315, '1.9L', 'MULTI POINT F/INJ', '63L', '87Kw', 5, '5M', '4D SEDAN', 'RWD');
INSERT INTO Car (Car_id, Car_Make_Model, Car_Model, Car_Series, Car_SeriesYear, Car_PriceNew, Car_EngineSize, Car_FuelSystem, Car_TankCapacity, Car_Power, Car_SeatingCapacity, Car_BodyType, Car_Drive, Car_Wheelbase) VALUES (14883, 'BMW', '3', '18i', 1986, 38600, '1.8L', 'ELECTRONIC F/INJ', '58L', '77Kw', 5, '5M', '4D SEDAN', 'RWD');
INSERT INTO Car (Car_id, Car_Make_Model, Car_Model, Car_Series, Car_SeriesYear, Car_PriceNew, Car_EngineSize, Car_FuelSystem, Car_TankCapacity, Car_Power, Car_SeatingCapacity, Car_BodyType, Car_Drive, Car_Wheelbase) VALUES (14884, 'BMW', '3', 'E36 18is SPORT', 1998, 58950, '1.9L', 'MULTI POINT F/INJ', '62L', '103Kw', 5, '5M', '2D COUPE', 'RWD');
INSERT INTO Car (Car_id, Car_Make_Model, Car_Model, Car_Series, Car_SeriesYear, Car_PriceNew, Car_EngineSize, Car_FuelSystem, Car_TankCapacity, Car_Power, Car_SeatingCapacity, Car_BodyType, Car_Drive, Car_Wheelbase) VALUES (14885, 'BMW', '7', '35iL EXECUTIVE', 1988, 145900, '3.4L', 'ELECTRONIC F/INJ', '95L', '155Kw', 5, '4A', '4D SEDAN', 'RWD');
INSERT INTO Car (Car_id, Car_Make_Model, Car_Model, Car_Series, Car_SeriesYear, Car_PriceNew, Car_EngineSize, Car_FuelSystem, Car_TankCapacity, Car_Power, Car_SeatingCapacity, Car_BodyType, Car_Drive, Car_Wheelbase) VALUES (14886, 'MEAN', 'MEAN', 'MEAN', 'MEAN', 'MEAN', 'MEAN', 'MEAN', 'MEAN', 'MEAN', 'MEAN', 'MEAN', 'MEAN', 'MEAN');
INSERT INTO Car (Car_id, Car_Make_Model, Car_Model, Car_Series, Car_SeriesYear, Car_PriceNew, Car_EngineSize, Car_FuelSystem, Car_TankCapacity, Car_Power, Car_SeatingCapacity, Car_BodyType, Car_Drive, Car_Wheelbase) VALUES (14887, 'BMW', '5', '25i', 1991, 80200, '2.5L', 'ELECTRONIC F/INJ', '80L', '141Kw', 5, '5M', '4D SEDAN', 'RWD');
INSERT INTO Car (Car_id, Car_Make_Model, Car_Model, Car_Series, Car_SeriesYear, Car_PriceNew, Car_EngineSize, Car_FuelSystem, Car_TankCapacity, Car_Power, Car_SeatingCapacity, Car_BodyType, Car_Drive, Car_Wheelbase) VALUES (14888, 'BMW', '3', 'E46 25Ci', 2002, 75000, '2.5L', 'MULTI POINT F/INJ', '63L', '141Kw', 5, '5AS', '2D COUPE', 'RWD');
INSERT INTO Car (Car_id, Car_Make_Model, Car_Model, Car_Series, Car_SeriesYear, Car_PriceNew, Car_EngineSize, Car_FuelSystem, Car_TankCapacity, Car_Power, Car_SeatingCapacity, Car_BodyType, Car_Drive, Car_Wheelbase) VALUES (14889, 'BMW', '3', 'E46 16ti', 2005, 40350, '1.8L', 'MULTI POINT F/INJ', '63L', '85Kw', 5, '5M', '3D HATCHBACK', 'RWD');
INSERT INTO Car (Car_id, Car_Make_Model, Car_Model, Car_Series, Car_SeriesYear, Car_PriceNew, Car_EngineSize, Car_FuelSystem, Car_TankCapacity, Car_Power, Car_SeatingCapacity, Car_BodyType, Car_Drive, Car_Wheelbase) VALUES (14890, 'BMW', 'X5', 'E53 3.0d', 2005, 84300, '3.0L', 'TURBO CDI', '93L', '150Kw', 5, '6A', '4D WAGON', '4WD');
INSERT INTO Car (Car_id, Car_Make_Model, Car_Model, Car_Series, Car_SeriesYear, Car_PriceNew, Car_EngineSize, Car_FuelSystem, Car_TankCapacity, Car_Power, Car_SeatingCapacity, Car_BodyType, Car_Drive, Car_Wheelbase) VALUES (14891, 'DATSUN', 'FAIRLADY', 'SPORTS', 1964, 2530, '1.5L', 'CARB', '43L', '63Kw', 0, '4M', '2D ROADSTER', 'RWD');
INSERT INTO Car (Car_id, Car_Make_Model, Car_Model, Car_Series, Car_SeriesYear, Car_PriceNew, Car_EngineSize, Car_FuelSystem, Car_TankCapacity, Car_Power, Car_SeatingCapacity, Car_BodyType, Car_Drive, Car_Wheelbase) VALUES (14892, 'MEAN', 'MEAN', 'MEAN', 'MEAN', 'MEAN', 'MEAN', 'MEAN', 'MEAN', 'MEAN', 'MEAN', 'MEAN', 'MEAN', 'MEAN');
INSERT INTO Car (Car_id, Car_Make_Model, Car_Model, Car_Series, Car_SeriesYear, Car_PriceNew, Car_EngineSize, Car_FuelSystem, Car_TankCapacity, Car_Power, Car_SeatingCapacity, Car_BodyType, Car_Drive, Car_Wheelbase) VALUES (14894, 'MEAN', 'MEAN', 'MEAN', 'MEAN', 'MEAN', 'MEAN', 'MEAN', 'MEAN', 'MEAN', 'MEAN', 'MEAN', 'MEAN', 'MEAN');
INSERT INTO Car (Car_id, Car_Make_Model, Car_Model, Car_Series, Car_SeriesYear, Car_PriceNew, Car_EngineSize, Car_FuelSystem, Car_TankCapacity, Car_Power, Car_SeatingCapacity, Car_BodyType, Car_Drive, Car_Wheelbase) VALUES (14895, 'DATSUN', '180B', 'SSS', 1977, 6012, '1.8L', 'CARB', '55L', '82Kw', 5, '5M', '2D HARDTOP', 'RWD');
INSERT INTO Car (Car_id, Car_Make_Model, Car_Model, Car_Series, Car_SeriesYear, Car_PriceNew, Car_EngineSize, Car_FuelSystem, Car_TankCapacity, Car_Power, Car_SeatingCapacity, Car_BodyType, Car_Drive, Car_Wheelbase) VALUES (14896, 'MAZDA', '121', 'METRO SHADES', 2001, 19050, '1.5L', 'ELECTRONIC F/INJ', '43L', '64Kw', 5, '5M', '5D HATCHBACK', 'FWD');
INSERT INTO Car (Car_id, Car_Make_Model, Car_Model, Car_Series, Car_SeriesYear, Car_PriceNew, Car_EngineSize, Car_FuelSystem, Car_TankCapacity, Car_Power, Car_SeatingCapacity, Car_BodyType, Car_Drive, Car_Wheelbase) VALUES (14897, 'MAZDA', '121', 'SHADES', 1997, 14200, '1.3L', 'SINGLE POINT F/INJ', '40L', '54Kw', 5, '5M', '4D SEDAN', 'FWD');
INSERT INTO Car (Car_id, Car_Make_Model, Car_Model, Car_Series, Car_SeriesYear, Car_PriceNew, Car_EngineSize, Car_FuelSystem, Car_TankCapacity, Car_Power, Car_SeatingCapacity, Car_BodyType, Car_Drive, Car_Wheelbase) VALUES (14899, 'MAZDA', '121', 'METRO SHADES', 2002, 19240, '1.5L', 'ELECTRONIC F/INJ', '43L', '64Kw', 5, '5M', '5D HATCHBACK', 'FWD');
INSERT INTO Car (Car_id, Car_Make_Model, Car_Model, Car_Series, Car_SeriesYear, Car_PriceNew, Car_EngineSize, Car_FuelSystem, Car_TankCapacity, Car_Power, Car_SeatingCapacity, Car_BodyType, Car_Drive, Car_Wheelbase) VALUES (14900, 'MAZDA', '121', 'DELUXE', 1987, 12250, '1.3L', 'CARB', '38L', '46Kw', 5, '5M', '3D HATCHBACK', 'FWD');
INSERT INTO Car (Car_id, Car_Make_Model, Car_Model, Car_Series, Car_SeriesYear, Car_PriceNew, Car_EngineSize, Car_FuelSystem, Car_TankCapacity, Car_Power, Car_SeatingCapacity, Car_BodyType, Car_Drive, Car_Wheelbase) VALUES (14901, 'MAZDA', '121', 'METRO SHADES', 1999, 19590, '1.5L', 'ELECTRONIC F/INJ', '40L', '64Kw', 5, '4A', '5D HATCHBACK', 'FWD');
INSERT INTO Car (Car_id, Car_Make_Model, Car_Model, Car_Series, Car_SeriesYear, Car_PriceNew, Car_EngineSize, Car_FuelSystem, Car_TankCapacity, Car_Power, Car_SeatingCapacity, Car_BodyType, Car_Drive, Car_Wheelbase) VALUES (14902, 'VOLKSWAGEN', 'TRANSPORTER', 'T5 MY08 CREWVAN SWB', 2008, 42990, '2.5L', 'DIESEL TURBO F/INJ', '80L', '96Kw', 5, '6ATip', 'VAN', 'FWD');
INSERT INTO Car (Car_id, Car_Make_Model, Car_Model, Car_Series, Car_SeriesYear, Car_PriceNew, Car_EngineSize, Car_FuelSystem, Car_TankCapacity, Car_Power, Car_SeatingCapacity, Car_BodyType, Car_Drive, Car_Wheelbase) VALUES (14903, 'VOLKSWAGEN', 'JETTA', '1KM 2.0 TDI', 2006, 35490, '2.0L', 'DIESEL TURBO F/INJ', '55L', '103Kw', 5, '6M', '4D SEDAN', 'FWD');
INSERT INTO Car (Car_id, Car_Make_Model, Car_Model, Car_Series, Car_SeriesYear, Car_PriceNew, Car_EngineSize, Car_FuelSystem, Car_TankCapacity, Car_Power, Car_SeatingCapacity, Car_BodyType, Car_Drive, Car_Wheelbase) VALUES (14904, 'VOLKSWAGEN', 'TRANSPORTER', 'T5 SWB', 2005, 43400, '2.5L', 'DIESEL TURBO F/INJ', '80L', '96Kw', 2, '6ATip', 'VAN', 'FWD');
INSERT INTO Car (Car_id, Car_Make_Model, Car_Model, Car_Series, Car_SeriesYear, Car_PriceNew, Car_EngineSize, Car_FuelSystem, Car_TankCapacity, Car_Power, Car_SeatingCapacity, Car_BodyType, Car_Drive, Car_Wheelbase) VALUES (14905, 'VOLKSWAGEN', 'POLO', '9N MY07 UPGRADE CLUB', 2007, 16990, '1.4L', 'MULTI POINT F/INJ', '45L', '59Kw', 5, '5M', '3D HATCHBACK', 'FWD');
INSERT INTO Car (Car_id, Car_Make_Model, Car_Model, Car_Series, Car_SeriesYear, Car_PriceNew, Car_EngineSize, Car_FuelSystem, Car_TankCapacity, Car_Power, Car_SeatingCapacity, Car_BodyType, Car_Drive, Car_Wheelbase) VALUES (14906, 'VOLKSWAGEN', 'JETTA', '1KM 2.0 TURBO FSI', 2006, 39990, '2.0L', 'TURBO MPFI', '55L', '147Kw', 5, '6ADSG', '4D SEDAN', 'FWD');
INSERT INTO Car (Car_id, Car_Make_Model, Car_Model, Car_Series, Car_SeriesYear, Car_PriceNew, Car_EngineSize, Car_FuelSystem, Car_TankCapacity, Car_Power, Car_SeatingCapacity, Car_BodyType, Car_Drive, Car_Wheelbase) VALUES (14907, 'VOLKSWAGEN', 'MULTIVAN', 'T5 HIGHLINE', 2006, 72990, '2.5L', 'DIESEL TURBO F/INJ', '80L', '128Kw', 7, '6ATip', '4D VAN', 'FWD');
INSERT INTO Car (Car_id, Car_Make_Model, Car_Model, Car_Series, Car_SeriesYear, Car_PriceNew, Car_EngineSize, Car_FuelSystem, Car_TankCapacity, Car_Power, Car_SeatingCapacity, Car_BodyType, Car_Drive, Car_Wheelbase) VALUES (14908, 'VOLKSWAGEN', 'JETTA', '1KM 2.0 TURBO FSI', 2007, 39990, '2.0L', 'TURBO MPFI', '55L', '147Kw', 5, '6ADSG', '4D SEDAN', 'FWD');
INSERT INTO Car (Car_id, Car_Make_Model, Car_Model, Car_Series, Car_SeriesYear, Car_PriceNew, Car_EngineSize, Car_FuelSystem, Car_TankCapacity, Car_Power, Car_SeatingCapacity, Car_BodyType, Car_Drive, Car_Wheelbase) VALUES (14909, 'VOLKSWAGEN', 'GOLF', '1K GTi', 2007, 39990, '2.0L', 'TURBO MPFI', '55L', '147Kw', 5, '6M', '5D HATCHBACK', 'FWD');
INSERT INTO Car (Car_id, Car_Make_Model, Car_Model, Car_Series, Car_SeriesYear, Car_PriceNew, Car_EngineSize, Car_FuelSystem, Car_TankCapacity, Car_Power, Car_SeatingCapacity, Car_BodyType, Car_Drive, Car_Wheelbase) VALUES (14910, 'VOLKSWAGEN', 'GOLF', 'GL', 2001, 25990, '1.6L', 'MULTI POINT F/INJ', '55L', '74Kw', 5, '5M', '5D HATCHBACK', 'FWD');
INSERT INTO Car (Car_id, Car_Make_Model, Car_Model, Car_Series, Car_SeriesYear, Car_PriceNew, Car_EngineSize, Car_FuelSystem, Car_TankCapacity, Car_Power, Car_SeatingCapacity, Car_BodyType, Car_Drive, Car_Wheelbase) VALUES (14911, 'VOLKSWAGEN', 'GOLF', '1K 1.9 TDI COMFORTLINE', 2005, 32290, '1.9L', 'DIESEL TURBO F/INJ', '55L', '77Kw', 5, '6ADSG', '5D HATCHBACK', 'FWD');
INSERT INTO Car (Car_id, Car_Make_Model, Car_Model, Car_Series, Car_SeriesYear, Car_PriceNew, Car_EngineSize, Car_FuelSystem, Car_TankCapacity, Car_Power, Car_SeatingCapacity, Car_BodyType, Car_Drive, Car_Wheelbase) VALUES (14912, 'VOLKSWAGEN', 'JETTA', '1KM 2.0 FSI', 2007, 35290, '2.0L', 'MULTI POINT F/INJ', '55L', '110Kw', 5, '6ATip', '4D SEDAN', 'FWD');
INSERT INTO Car (Car_id, Car_Make_Model, Car_Model, Car_Series, Car_SeriesYear, Car_PriceNew, Car_EngineSize, Car_FuelSystem, Car_TankCapacity, Car_Power, Car_SeatingCapacity, Car_BodyType, Car_Drive, Car_Wheelbase) VALUES (14914, 'VOLKSWAGEN', 'GOLF', '1K GT', 2007, 37290, '1.4L', 'S/C & T/C MPFI', '55L', '125Kw', 5, '6ADSG', '5D HATCHBACK', 'FWD');
INSERT INTO Car (Car_id, Car_Make_Model, Car_Model, Car_Series, Car_SeriesYear, Car_PriceNew, Car_EngineSize, Car_FuelSystem, Car_TankCapacity, Car_Power, Car_SeatingCapacity, Car_BodyType, Car_Drive, Car_Wheelbase) VALUES (14915, 'VOLKSWAGEN', 'GOLF', 'GL', 1995, 30490, '2.0L', 'MULTI POINT F/INJ', '55L', '85Kw', 5, '5M', '5D HATCHBACK', 'FWD');
INSERT INTO Car (Car_id, Car_Make_Model, Car_Model, Car_Series, Car_SeriesYear, Car_PriceNew, Car_EngineSize, Car_FuelSystem, Car_TankCapacity, Car_Power, Car_SeatingCapacity, Car_BodyType, Car_Drive, Car_Wheelbase) VALUES (14920, 'VOLKSWAGEN', 'JETTA', '1KM 2.0 TDI', 2007, 37990, '2.0L', 'DIESEL TURBO F/INJ', '55L', '103Kw', 5, '6ADSG', '4D SEDAN', 'FWD');
INSERT INTO Car (Car_id, Car_Make_Model, Car_Model, Car_Series, Car_SeriesYear, Car_PriceNew, Car_EngineSize, Car_FuelSystem, Car_TankCapacity, Car_Power, Car_SeatingCapacity, Car_BodyType, Car_Drive, Car_Wheelbase) VALUES (14921, 'VOLKSWAGEN', 'GOLF', '1K 2.0 FSI COMFORTLINE', 2005, 32290, '2.0L', 'ELECTRONIC F/INJ', '55L', '110Kw', 5, '6ATip', '5D HATCHBACK', 'FWD');
INSERT INTO Car (Car_id, Car_Make_Model, Car_Model, Car_Series, Car_SeriesYear, Car_PriceNew, Car_EngineSize, Car_FuelSystem, Car_TankCapacity, Car_Power, Car_SeatingCapacity, Car_BodyType, Car_Drive, Car_Wheelbase) VALUES (14922, 'VOLKSWAGEN', 'GOLF', '1K 2.0 TDI COMFORTLINE', 2007, 32490, '2.0L', 'DIESEL TURBO F/INJ', '55L', '103Kw', 5, '6M', '5D HATCHBACK', 'FWD');
INSERT INTO Car (Car_id, Car_Make_Model, Car_Model, Car_Series, Car_SeriesYear, Car_PriceNew, Car_EngineSize, Car_FuelSystem, Car_TankCapacity, Car_Power, Car_SeatingCapacity, Car_BodyType, Car_Drive, Car_Wheelbase) VALUES (14923, 'VOLKSWAGEN', 'PASSAT', '3B 1.8T', 2002, 49800, '1.8L', 'TURBO MPFI', '62L', '110Kw', 5, '5ATip', '4D WAGON', 'FWD');
INSERT INTO Car (Car_id, Car_Make_Model, Car_Model, Car_Series, Car_SeriesYear, Car_PriceNew, Car_EngineSize, Car_FuelSystem, Car_TankCapacity, Car_Power, Car_SeatingCapacity, Car_BodyType, Car_Drive, Car_Wheelbase) VALUES (14924, 'VOLKSWAGEN', 'GOLF', '1K 2.0 FSI SPORTLINE', 2006, 32990, '2.0L', 'ELECTRONIC F/INJ', '55L', '110Kw', 5, '6M', '5D HATCHBACK', 'FWD');
INSERT INTO Car (Car_id, Car_Make_Model, Car_Model, Car_Series, Car_SeriesYear, Car_PriceNew, Car_EngineSize, Car_FuelSystem, Car_TankCapacity, Car_Power, Car_SeatingCapacity, Car_BodyType, Car_Drive, Car_Wheelbase) VALUES (14925, 'VOLKSWAGEN', 'GOLF', 'GLE', 1999, 34990, '2.0L', 'MULTI POINT F/INJ', '55L', '85Kw', 5, '5M', '5D HATCHBACK', 'FWD');
INSERT INTO Car (Car_id, Car_Make_Model, Car_Model, Car_Series, Car_SeriesYear, Car_PriceNew, Car_EngineSize, Car_FuelSystem, Car_TankCapacity, Car_Power, Car_SeatingCapacity, Car_BodyType, Car_Drive, Car_Wheelbase) VALUES (14926, 'VOLKSWAGEN', 'GOLF', 'GL', 1998, 31980, '1.6L', 'MULTI POINT F/INJ', '55L', '74Kw', 5, '4A', '5D HATCHBACK', 'FWD');
INSERT INTO Car (Car_id, Car_Make_Model, Car_Model, Car_Series, Car_SeriesYear, Car_PriceNew, Car_EngineSize, Car_FuelSystem, Car_TankCapacity, Car_Power, Car_SeatingCapacity, Car_BodyType, Car_Drive, Car_Wheelbase) VALUES (14927, 'VOLKSWAGEN', 'MULTIVAN', 'T5 COMFORTLINE 4MOTION', 2006, 60990, '2.5L', 'DIESEL TURBO F/INJ', '80L', '128Kw', 7, '6M', '4D VAN', '4WD');
INSERT INTO Car (Car_id, Car_Make_Model, Car_Model, Car_Series, Car_SeriesYear, Car_PriceNew, Car_EngineSize, Car_FuelSystem, Car_TankCapacity, Car_Power, Car_SeatingCapacity, Car_BodyType, Car_Drive, Car_Wheelbase) VALUES (14928, 'VOLKSWAGEN', 'POLO', '9N S', 2002, 21800, '1.4L', 'MULTI POINT F/INJ', '45L', '55Kw', 5, '5M', '5D HATCHBACK', 'FWD');
INSERT INTO Car (Car_id, Car_Make_Model, Car_Model, Car_Series, Car_SeriesYear, Car_PriceNew, Car_EngineSize, Car_FuelSystem, Car_TankCapacity, Car_Power, Car_SeatingCapacity, Car_BodyType, Car_Drive, Car_Wheelbase) VALUES (14929, 'VOLKSWAGEN', 'TOUAREG', '7L R5 TDi LUXURY', 2006, 78600, '2.5L', 'DIESEL TURBO F/INJ', '100L', '128Kw', 5, '6ATip', '4D WAGON', '4WD');
INSERT INTO Car (Car_id, Car_Make_Model, Car_Model, Car_Series, Car_SeriesYear, Car_PriceNew, Car_EngineSize, Car_FuelSystem, Car_TankCapacity, Car_Power, Car_SeatingCapacity, Car_BodyType, Car_Drive, Car_Wheelbase) VALUES (14930, 'VOLKSWAGEN', 'CADDY', '2K LIFE', 2006, 34990, '1.9L', 'DIESEL TURBO F/INJ', '60L', '77Kw', 5, '6ADSG', '4D WAGON', 'FWD');
INSERT INTO Car (Car_id, Car_Make_Model, Car_Model, Car_Series, Car_SeriesYear, Car_PriceNew, Car_EngineSize, Car_FuelSystem, Car_TankCapacity, Car_Power, Car_SeatingCapacity, Car_BodyType, Car_Drive, Car_Wheelbase) VALUES (14940, 'VOLKSWAGEN', 'GOLF', '1K 2.0 TDI COMFORTLINE', 2004, 32490, '2.0L', 'DIESEL TURBO F/INJ', '55L', '103Kw', 5, '6M', '5D HATCHBACK', 'FWD');
INSERT INTO Car (Car_id, Car_Make_Model, Car_Model, Car_Series, Car_SeriesYear, Car_PriceNew, Car_EngineSize, Car_FuelSystem, Car_TankCapacity, Car_Power, Car_SeatingCapacity, Car_BodyType, Car_Drive, Car_Wheelbase) VALUES (14941, 'VOLKSWAGEN', 'BORA', '1J 2.0', 2001, 36350, '2.0L', 'MULTI POINT F/INJ', '55L', '85Kw', 5, '5M', '4D SEDAN', 'FWD');
INSERT INTO Car (Car_id, Car_Make_Model, Car_Model, Car_Series, Car_SeriesYear, Car_PriceNew, Car_EngineSize, Car_FuelSystem, Car_TankCapacity, Car_Power, Car_SeatingCapacity, Car_BodyType, Car_Drive, Car_Wheelbase) VALUES (14942, 'VOLKSWAGEN', 'POLO', '9N MY06 UPGRADE CLUB', 2006, 16990, '1.4L', 'MULTI POINT F/INJ', '45L', '55Kw', 5, '5M', '3D HATCHBACK', 'FWD');
INSERT INTO Car (Car_id, Car_Make_Model, Car_Model, Car_Series, Car_SeriesYear, Car_PriceNew, Car_EngineSize, Car_FuelSystem, Car_TankCapacity, Car_Power, Car_SeatingCapacity, Car_BodyType, Car_Drive, Car_Wheelbase) VALUES (14943, 'VOLKSWAGEN', 'CADDY', '2K 1.9 TDi', 2006, 24990, '1.9L', 'DIESEL TURBO F/INJ', '60L', '77Kw', 2, '5M', 'VAN', 'FWD');
INSERT INTO Car (Car_id, Car_Make_Model, Car_Model, Car_Series, Car_SeriesYear, Car_PriceNew, Car_EngineSize, Car_FuelSystem, Car_TankCapacity, Car_Power, Car_SeatingCapacity, Car_BodyType, Car_Drive, Car_Wheelbase) VALUES (14944, 'VOLKSWAGEN', 'POLO', '9N', 2003, 19800, '1.4L', 'MULTI POINT F/INJ', '45L', '55Kw', 5, '5M', '3D HATCHBACK', 'FWD');
INSERT INTO Car (Car_id, Car_Make_Model, Car_Model, Car_Series, Car_SeriesYear, Car_PriceNew, Car_EngineSize, Car_FuelSystem, Car_TankCapacity, Car_Power, Car_SeatingCapacity, Car_BodyType, Car_Drive, Car_Wheelbase) VALUES (14945, 'VOLKSWAGEN', 'GOLF', '1.6 GENERATION', 2004, 25990, '1.6L', 'MULTI POINT F/INJ', '55L', '75Kw', 5, '5M', '5D HATCHBACK', 'FWD');
INSERT INTO Car (Car_id, Car_Make_Model, Car_Model, Car_Series, Car_SeriesYear, Car_PriceNew, Car_EngineSize, Car_FuelSystem, Car_TankCapacity, Car_Power, Car_SeatingCapacity, Car_BodyType, Car_Drive, Car_Wheelbase) VALUES (14946, 'VOLKSWAGEN', 'POLO', '9N MY07 UPGRADE GTi', 2007, 26990, '1.8L', 'TURBO MPFI', '45L', '110Kw', 5, '5M', '3D HATCHBACK', 'FWD');
INSERT INTO Car (Car_id, Car_Make_Model, Car_Model, Car_Series, Car_SeriesYear, Car_PriceNew, Car_EngineSize, Car_FuelSystem, Car_TankCapacity, Car_Power, Car_SeatingCapacity, Car_BodyType, Car_Drive, Car_Wheelbase) VALUES (14947, 'VOLKSWAGEN', 'GOLF', 'GL', 1999, 31190, '1.6L', 'MULTI POINT F/INJ', '55L', '74Kw', 5, '4A', '5D HATCHBACK', 'FWD');
INSERT INTO Car (Car_id, Car_Make_Model, Car_Model, Car_Series, Car_SeriesYear, Car_PriceNew, Car_EngineSize, Car_FuelSystem, Car_TankCapacity, Car_Power, Car_SeatingCapacity, Car_BodyType, Car_Drive, Car_Wheelbase) VALUES (14948, 'VOLKSWAGEN', 'GOLF', '1K 2.0 TDI COMFORTLINE', 2006, 34790, '2.0L', 'DIESEL TURBO F/INJ', '55L', '103Kw', 5, '6ADSG', '5D HATCHBACK', 'FWD');
INSERT INTO Car (Car_id, Car_Make_Model, Car_Model, Car_Series, Car_SeriesYear, Car_PriceNew, Car_EngineSize, Car_FuelSystem, Car_TankCapacity, Car_Power, Car_SeatingCapacity, Car_BodyType, Car_Drive, Car_Wheelbase) VALUES (14949, 'VOLKSWAGEN', 'GOLF', 'GL', 2000, 25990, '1.6L', 'MULTI POINT F/INJ', '55L', '74Kw', 5, '5M', '5D HATCHBACK', 'FWD');
INSERT INTO Car (Car_id, Car_Make_Model, Car_Model, Car_Series, Car_SeriesYear, Car_PriceNew, Car_EngineSize, Car_FuelSystem, Car_TankCapacity, Car_Power, Car_SeatingCapacity, Car_BodyType, Car_Drive, Car_Wheelbase) VALUES (14950, 'VOLKSWAGEN', 'GOLF', '1K 1.6 TRENDLINE', 2005, 25490, '1.6L', 'MULTI POINT F/INJ', '55L', '75Kw', 5, '5M', '5D HATCHBACK', 'FWD');
INSERT INTO Car (Car_id, Car_Make_Model, Car_Model, Car_Series, Car_SeriesYear, Car_PriceNew, Car_EngineSize, Car_FuelSystem, Car_TankCapacity, Car_Power, Car_SeatingCapacity, Car_BodyType, Car_Drive, Car_Wheelbase) VALUES (14960, 'VOLKSWAGEN', 'PASSAT', '3C 2.0T FSI', 2006, 44990, '2.0L', 'TURBO MPFI', '70L', '147Kw', 5, '6ATip', '4D SEDAN', 'FWD');
INSERT INTO Car (Car_id, Car_Make_Model, Car_Model, Car_Series, Car_SeriesYear, Car_PriceNew, Car_EngineSize, Car_FuelSystem, Car_TankCapacity, Car_Power, Car_SeatingCapacity, Car_BodyType, Car_Drive, Car_Wheelbase) VALUES (14961, 'VOLKSWAGEN', 'TOUAREG', '7L R5 TDi LUXURY', 2005, 78600, '2.5L', 'DIESEL TURBO F/INJ', '100L', '128Kw', 5, '6ATip', '4D WAGON', '4WD');
INSERT INTO Car (Car_id, Car_Make_Model, Car_Model, Car_Series, Car_SeriesYear, Car_PriceNew, Car_EngineSize, Car_FuelSystem, Car_TankCapacity, Car_Power, Car_SeatingCapacity, Car_BodyType, Car_Drive, Car_Wheelbase) VALUES (14962, 'VOLKSWAGEN', 'PASSAT', '3C 3.2 V6 FSI', 2006, 54990, '3.2L', 'MULTI POINT F/INJ', '70L', '184Kw', 5, '6ADSG', '4D SEDAN', 'AWD');
INSERT INTO Car (Car_id, Car_Make_Model, Car_Model, Car_Series, Car_SeriesYear, Car_PriceNew, Car_EngineSize, Car_FuelSystem, Car_TankCapacity, Car_Power, Car_SeatingCapacity, Car_BodyType, Car_Drive, Car_Wheelbase) VALUES (14963, 'MEAN', 'MEAN', 'MEAN', 'MEAN', 'MEAN', 'MEAN', 'MEAN', 'MEAN', 'MEAN', 'MEAN', 'MEAN', 'MEAN', 'MEAN');
INSERT INTO Car (Car_id, Car_Make_Model, Car_Model, Car_Series, Car_SeriesYear, Car_PriceNew, Car_EngineSize, Car_FuelSystem, Car_TankCapacity, Car_Power, Car_SeatingCapacity, Car_BodyType, Car_Drive, Car_Wheelbase) VALUES (14964, 'VOLKSWAGEN', 'GOLF', '2.0 S', 2002, 29490, '2.0L', 'MULTI POINT F/INJ', '55L', '85Kw', 5, '5M', '5D HATCHBACK', 'FWD');
INSERT INTO Car (Car_id, Car_Make_Model, Car_Model, Car_Series, Car_SeriesYear, Car_PriceNew, Car_EngineSize, Car_FuelSystem, Car_TankCapacity, Car_Power, Car_SeatingCapacity, Car_BodyType, Car_Drive, Car_Wheelbase) VALUES (14965, 'VOLKSWAGEN', 'CARAVELLE', 'V6', 2003, 59990, '2.8L', 'MULTI POINT F/INJ', '80L', '150Kw', 8, '4A', '4D WAGON', 'FWD');
INSERT INTO Car (Car_id, Car_Make_Model, Car_Model, Car_Series, Car_SeriesYear, Car_PriceNew, Car_EngineSize, Car_FuelSystem, Car_TankCapacity, Car_Power, Car_SeatingCapacity, Car_BodyType, Car_Drive, Car_Wheelbase) VALUES (14966, 'VOLKSWAGEN', 'GOLF', '2.0 GENERATION', 2004, 29490, '2.0L', 'MULTI POINT F/INJ', '55L', '85Kw', 5, '4A', '5D HATCHBACK', 'FWD');
INSERT INTO Car (Car_id, Car_Make_Model, Car_Model, Car_Series, Car_SeriesYear, Car_PriceNew, Car_EngineSize, Car_FuelSystem, Car_TankCapacity, Car_Power, Car_SeatingCapacity, Car_BodyType, Car_Drive, Car_Wheelbase) VALUES (14967, 'VOLKSWAGEN', 'POLO', 'OPEN AIR', 1999, 21490, '1.6L', 'MULTI POINT F/INJ', '45L', '55Kw', 5, '5M', '5D HATCHBACK', 'FWD');
INSERT INTO Car (Car_id, Car_Make_Model, Car_Model, Car_Series, Car_SeriesYear, Car_PriceNew, Car_EngineSize, Car_FuelSystem, Car_TankCapacity, Car_Power, Car_SeatingCapacity, Car_BodyType, Car_Drive, Car_Wheelbase) VALUES (14969, 'VOLKSWAGEN', '1600', 'SUPER BUG L', 1975, 3798, '1.6L', 'CARB', '42L', '37Kw', 4, '4M', '2D SEDAN', 'RWD');
INSERT INTO Car (Car_id, Car_Make_Model, Car_Model, Car_Series, Car_SeriesYear, Car_PriceNew, Car_EngineSize, Car_FuelSystem, Car_TankCapacity, Car_Power, Car_SeatingCapacity, Car_BodyType, Car_Drive, Car_Wheelbase) VALUES (14984, 'ALFA ROMEO', 'GTV', '2', 1999, 61990, '2.0L', 'MULTI POINT F/INJ', '70L', '114Kw', 4, '5M', '2D COUPE', 'FWD');
INSERT INTO Car (Car_id, Car_Make_Model, Car_Model, Car_Series, Car_SeriesYear, Car_PriceNew, Car_EngineSize, Car_FuelSystem, Car_TankCapacity, Car_Power, Car_SeatingCapacity, Car_BodyType, Car_Drive, Car_Wheelbase) VALUES (14985, 'ALFA ROMEO', '156', 'V6 24V', 2002, 57500, '2.5L', 'MULTI POINT F/INJ', '63L', '140Kw', 5, '6M', '4D SEDAN', 'FWD');
INSERT INTO Car (Car_id, Car_Make_Model, Car_Model, Car_Series, Car_SeriesYear, Car_PriceNew, Car_EngineSize, Car_FuelSystem, Car_TankCapacity, Car_Power, Car_SeatingCapacity, Car_BodyType, Car_Drive, Car_Wheelbase) VALUES (14988, 'MEAN', 'MEAN', 'MEAN', 'MEAN', 'MEAN', 'MEAN', 'MEAN', 'MEAN', 'MEAN', 'MEAN', 'MEAN', 'MEAN', 'MEAN');
INSERT INTO Car (Car_id, Car_Make_Model, Car_Model, Car_Series, Car_SeriesYear, Car_PriceNew, Car_EngineSize, Car_FuelSystem, Car_TankCapacity, Car_Power, Car_SeatingCapacity, Car_BodyType, Car_Drive, Car_Wheelbase) VALUES (15000, 'ALFA ROMEO', '147', 'GTA MONZA', 2005, 59990, '3.2L', 'MULTI POINT F/INJ', '63L', '184Kw', 5, '6M', '3D HATCHBACK', 'FWD');
INSERT INTO Car (Car_id, Car_Make_Model, Car_Model, Car_Series, Car_SeriesYear, Car_PriceNew, Car_EngineSize, Car_FuelSystem, Car_TankCapacity, Car_Power, Car_SeatingCapacity, Car_BodyType, Car_Drive, Car_Wheelbase) VALUES (15001, 'ALFA ROMEO', '156', '2.0 SELESPEED TWIN SPARK', 1999, 49950, '2.0L', 'MULTI POINT F/INJ', '63L', '114Kw', 5, '5MSel', '4D SEDAN', 'FWD');
INSERT INTO Car (Car_id, Car_Make_Model, Car_Model, Car_Series, Car_SeriesYear, Car_PriceNew, Car_EngineSize, Car_FuelSystem, Car_TankCapacity, Car_Power, Car_SeatingCapacity, Car_BodyType, Car_Drive, Car_Wheelbase) VALUES (15002, 'ALFA ROMEO', '147', '2.0 TWIN SPARK', 2003, 39500, '2.0L', 'MULTI POINT F/INJ', '60L', '110Kw', 5, '5M', '5D HATCHBACK', 'FWD');
INSERT INTO Car (Car_id, Car_Make_Model, Car_Model, Car_Series, Car_SeriesYear, Car_PriceNew, Car_EngineSize, Car_FuelSystem, Car_TankCapacity, Car_Power, Car_SeatingCapacity, Car_BodyType, Car_Drive, Car_Wheelbase) VALUES (15003, 'MERCEDES-BENZ', 'SLK', 'R171 200K', 2004, 86900, '1.8L', 'SUPERCHARGED MPFI', '70L', '120Kw', 2, '5ATS', '2D CONVERTIBLE', 'RWD');
INSERT INTO Car (Car_id, Car_Make_Model, Car_Model, Car_Series, Car_SeriesYear, Car_PriceNew, Car_EngineSize, Car_FuelSystem, Car_TankCapacity, Car_Power, Car_SeatingCapacity, Car_BodyType, Car_Drive, Car_Wheelbase) VALUES (15004, 'MERCEDES-BENZ', 'ML', 'W163 270 CDI 4x4', 2002, 69474, '2.7L', 'TURBO CDI', '83L', '120Kw', 5, '5ATS', '4D WAGON', '4WD');
INSERT INTO Car (Car_id, Car_Make_Model, Car_Model, Car_Series, Car_SeriesYear, Car_PriceNew, Car_EngineSize, Car_FuelSystem, Car_TankCapacity, Car_Power, Car_SeatingCapacity, Car_BodyType, Car_Drive, Car_Wheelbase) VALUES (15005, 'MERCEDES-BENZ', 'ML', 'W163 320 LUXURY 4x4', 2002, 77274, '3.2L', 'MULTI POINT F/INJ', '83L', '160Kw', 5, '5ATS', '4D WAGON', '4WD');
INSERT INTO Car (Car_id, Car_Make_Model, Car_Model, Car_Series, Car_SeriesYear, Car_PriceNew, Car_EngineSize, Car_FuelSystem, Car_TankCapacity, Car_Power, Car_SeatingCapacity, Car_BodyType, Car_Drive, Car_Wheelbase) VALUES (15006, 'MERCEDES-BENZ', 'C180', 'W203 KOMPRESSOR AVANTGARDE', 2002, 61400, '1.8L', 'SUPERCHARGED MPFI', '70L', '105Kw', 5, '5ATS', '4D SEDAN', 'RWD');
INSERT INTO Car (Car_id, Car_Make_Model, Car_Model, Car_Series, Car_SeriesYear, Car_PriceNew, Car_EngineSize, Car_FuelSystem, Car_TankCapacity, Car_Power, Car_SeatingCapacity, Car_BodyType, Car_Drive, Car_Wheelbase) VALUES (15007, 'MERCEDES-BENZ', 'ML', '320 LUXURY 4x4', 2000, 72900, '3.2L', 'MULTI POINT F/INJ', '70L', '160Kw', 5, '5ATS', '4D WAGON', '4WD');
INSERT INTO Car (Car_id, Car_Make_Model, Car_Model, Car_Series, Car_SeriesYear, Car_PriceNew, Car_EngineSize, Car_FuelSystem, Car_TankCapacity, Car_Power, Car_SeatingCapacity, Car_BodyType, Car_Drive, Car_Wheelbase) VALUES (15008, 'MERCEDES-BENZ', 'SLK230', 'KOMPRESSOR', 2000, 95380, '2.3L', 'SUPERCHARGED MPFI', '53L', '142Kw', 2, '5A', '2D CONVERTIBLE', 'RWD');
INSERT INTO Car (Car_id, Car_Make_Model, Car_Model, Car_Series, Car_SeriesYear, Car_PriceNew, Car_EngineSize, Car_FuelSystem, Car_TankCapacity, Car_Power, Car_SeatingCapacity, Car_BodyType, Car_Drive, Car_Wheelbase) VALUES (15009, 'MERCEDES-BENZ', 'ML', 'W163 500 LUXURY 4x4', 2004, 99900, '5.0L', 'MULTI POINT F/INJ', '83L', '215Kw', 5, '5ATS', '4D WAGON', '4WD');
INSERT INTO Car (Car_id, Car_Make_Model, Car_Model, Car_Series, Car_SeriesYear, Car_PriceNew, Car_EngineSize, Car_FuelSystem, Car_TankCapacity, Car_Power, Car_SeatingCapacity, Car_BodyType, Car_Drive, Car_Wheelbase) VALUES (15010, 'MERCEDES-BENZ', '300', 'TE', 1991, 124500, '3.0L', 'ELECTRONIC F/INJ', '70L', '135Kw', 7, '4A', '4D WAGON', 'RWD');
INSERT INTO Car (Car_id, Car_Make_Model, Car_Model, Car_Series, Car_SeriesYear, Car_PriceNew, Car_EngineSize, Car_FuelSystem, Car_TankCapacity, Car_Power, Car_SeatingCapacity, Car_BodyType, Car_Drive, Car_Wheelbase) VALUES (15011, 'MERCEDES-BENZ', 'C200', 'W202 ELEGANCE', 2000, 64580, '2.0L', 'MULTI POINT F/INJ', '62L', '100Kw', 5, '5A', '4D SEDAN', 'RWD');
INSERT INTO Car (Car_id, Car_Make_Model, Car_Model, Car_Series, Car_SeriesYear, Car_PriceNew, Car_EngineSize, Car_FuelSystem, Car_TankCapacity, Car_Power, Car_SeatingCapacity, Car_BodyType, Car_Drive, Car_Wheelbase) VALUES (15020, 'MERCEDES-BENZ', '280', 'W126 SE', 1982, 55979, '2.7L', 'ELECTRONIC F/INJ', '90L', '125Kw', 5, '4A', '4D SEDAN', 'RWD');
INSERT INTO Car (Car_id, Car_Make_Model, Car_Model, Car_Series, Car_SeriesYear, Car_PriceNew, Car_EngineSize, Car_FuelSystem, Car_TankCapacity, Car_Power, Car_SeatingCapacity, Car_BodyType, Car_Drive, Car_Wheelbase) VALUES (15021, 'MEAN', 'MEAN', 'MEAN', 'MEAN', 'MEAN', 'MEAN', 'MEAN', 'MEAN', 'MEAN', 'MEAN', 'MEAN', 'MEAN', 'MEAN');
INSERT INTO Car (Car_id, Car_Make_Model, Car_Model, Car_Series, Car_SeriesYear, Car_PriceNew, Car_EngineSize, Car_FuelSystem, Car_TankCapacity, Car_Power, Car_SeatingCapacity, Car_BodyType, Car_Drive, Car_Wheelbase) VALUES (15022, 'MERCEDES-BENZ', 'ML', '320 LUXURY 4x4', 1999, 73400, '3.2L', 'MULTI POINT F/INJ', '70L', '160Kw', 5, '5ATS', '4D WAGON', '4WD');
INSERT INTO Car (Car_id, Car_Make_Model, Car_Model, Car_Series, Car_SeriesYear, Car_PriceNew, Car_EngineSize, Car_FuelSystem, Car_TankCapacity, Car_Power, Car_SeatingCapacity, Car_BodyType, Car_Drive, Car_Wheelbase) VALUES (15023, 'MERCEDES-BENZ', 'ML', 'W163 270 CDI LUXURY 4x4', 2003, 77274, '2.7L', 'TURBO CDI', '83L', '120Kw', 5, '5ATS', '4D WAGON', '4WD');
INSERT INTO Car (Car_id, Car_Make_Model, Car_Model, Car_Series, Car_SeriesYear, Car_PriceNew, Car_EngineSize, Car_FuelSystem, Car_TankCapacity, Car_Power, Car_SeatingCapacity, Car_BodyType, Car_Drive, Car_Wheelbase) VALUES (15024, 'MERCEDES-BENZ', 'E280', 'W210 ELEGANCE', 1999, 112400, '2.8L', 'MULTI POINT F/INJ', '80L', '150Kw', 5, '5ASeq', '4D SEDAN', 'RWD');
INSERT INTO Car (Car_id, Car_Make_Model, Car_Model, Car_Series, Car_SeriesYear, Car_PriceNew, Car_EngineSize, Car_FuelSystem, Car_TankCapacity, Car_Power, Car_SeatingCapacity, Car_BodyType, Car_Drive, Car_Wheelbase) VALUES (15025, 'MERCEDES-BENZ', 'VITO', '115CDI COMPACT CREW CAB', 2005, 48380, '2.1L', 'DIESEL TURBO F/INJ', '75L', '110Kw', 5, '5A', '5D VAN', 'RWD');
INSERT INTO Car (Car_id, Car_Make_Model, Car_Model, Car_Series, Car_SeriesYear, Car_PriceNew, Car_EngineSize, Car_FuelSystem, Car_TankCapacity, Car_Power, Car_SeatingCapacity, Car_BodyType, Car_Drive, Car_Wheelbase) VALUES (15026, 'MERCEDES-BENZ', '180', 'E LIMITED EDITION', 1993, 47115, '1.8L', 'ELECTRONIC F/INJ', '55L', '82Kw', 5, '4A', '4D SEDAN', 'RWD');
INSERT INTO Car (Car_id, Car_Make_Model, Car_Model, Car_Series, Car_SeriesYear, Car_PriceNew, Car_EngineSize, Car_FuelSystem, Car_TankCapacity, Car_Power, Car_SeatingCapacity, Car_BodyType, Car_Drive, Car_Wheelbase) VALUES (15027, 'MERCEDES-BENZ', 'A160', 'AVANTGARDE', 1999, 41400, '1.6L', 'MULTI POINT F/INJ', '54L', '75Kw', 5, '5MSeq', '5D HATCHBACK', 'FWD');
INSERT INTO Car (Car_id, Car_Make_Model, Car_Model, Car_Series, Car_SeriesYear, Car_PriceNew, Car_EngineSize, Car_FuelSystem, Car_TankCapacity, Car_Power, Car_SeatingCapacity, Car_BodyType, Car_Drive, Car_Wheelbase) VALUES (15028, 'MERCEDES-BENZ', 'ML', '270 CDI 4x4', 2001, 64900, '2.7L', 'TURBO CDI', '70L', '120Kw', 5, '5ATS', '4D WAGON', '4WD');
INSERT INTO Car (Car_id, Car_Make_Model, Car_Model, Car_Series, Car_SeriesYear, Car_PriceNew, Car_EngineSize, Car_FuelSystem, Car_TankCapacity, Car_Power, Car_SeatingCapacity, Car_BodyType, Car_Drive, Car_Wheelbase) VALUES (15029, 'MERCEDES-BENZ', 'A170', 'W169 ELEGANCE', 2006, 42400, '1.7L', 'MULTI POINT F/INJ', '54L', '85Kw', 5, 'CVT7', '5D HATCHBACK', 'FWD');
INSERT INTO Car (Car_id, Car_Make_Model, Car_Model, Car_Series, Car_SeriesYear, Car_PriceNew, Car_EngineSize, Car_FuelSystem, Car_TankCapacity, Car_Power, Car_SeatingCapacity, Car_BodyType, Car_Drive, Car_Wheelbase) VALUES (15030, 'MERCEDES-BENZ', '300', 'W124 E', 1986, 79296, '3.0L', 'ELECTRONIC F/INJ', '70L', '135Kw', 5, '4A', '4D SEDAN', 'RWD');
INSERT INTO Car (Car_id, Car_Make_Model, Car_Model, Car_Series, Car_SeriesYear, Car_PriceNew, Car_EngineSize, Car_FuelSystem, Car_TankCapacity, Car_Power, Car_SeatingCapacity, Car_BodyType, Car_Drive, Car_Wheelbase) VALUES (15040, 'MERCEDES-BENZ', '230', 'W124 E', 1988, 87100, '2.3L', 'ELECTRONIC F/INJ', '70L', '97Kw', 5, '4A', '4D SEDAN', 'RWD');
INSERT INTO Car (Car_id, Car_Make_Model, Car_Model, Car_Series, Car_SeriesYear, Car_PriceNew, Car_EngineSize, Car_FuelSystem, Car_TankCapacity, Car_Power, Car_SeatingCapacity, Car_BodyType, Car_Drive, Car_Wheelbase) VALUES (15041, 'MERCEDES-BENZ', '180', 'E LIMITED EDITION', 1992, 45690, '1.8L', 'ELECTRONIC F/INJ', '55L', '82Kw', 5, '4A', '4D SEDAN', 'RWD');
INSERT INTO Car (Car_id, Car_Make_Model, Car_Model, Car_Series, Car_SeriesYear, Car_PriceNew, Car_EngineSize, Car_FuelSystem, Car_TankCapacity, Car_Power, Car_SeatingCapacity, Car_BodyType, Car_Drive, Car_Wheelbase) VALUES (15042, 'MERCEDES-BENZ', 'E55', '211 MY06 UPGRADE AMG', 2006, 225600, '5.4L', 'SUPERCHARGED MPFI', '80L', '350Kw', 5, '5ATSh', '4D SEDAN', 'RWD');
INSERT INTO Car (Car_id, Car_Make_Model, Car_Model, Car_Series, Car_SeriesYear, Car_PriceNew, Car_EngineSize, Car_FuelSystem, Car_TankCapacity, Car_Power, Car_SeatingCapacity, Car_BodyType, Car_Drive, Car_Wheelbase) VALUES (15043, 'MERCEDES-BENZ', '380', 'SEL', 1982, 68795, '3.8L', 'ELECTRONIC F/INJ', '90L', '145Kw', 5, '4A', '4D SEDAN', 'RWD');
INSERT INTO Car (Car_id, Car_Make_Model, Car_Model, Car_Series, Car_SeriesYear, Car_PriceNew, Car_EngineSize, Car_FuelSystem, Car_TankCapacity, Car_Power, Car_SeatingCapacity, Car_BodyType, Car_Drive, Car_Wheelbase) VALUES (15044, 'MERCEDES-BENZ', 'A190', 'W168 LWB ELEGANCE', 2004, 42900, '1.9L', 'MULTI POINT F/INJ', '54L', '92Kw', 5, '5MSeq', '5D HATCHBACK', 'FWD');
INSERT INTO Car (Car_id, Car_Make_Model, Car_Model, Car_Series, Car_SeriesYear, Car_PriceNew, Car_EngineSize, Car_FuelSystem, Car_TankCapacity, Car_Power, Car_SeatingCapacity, Car_BodyType, Car_Drive, Car_Wheelbase) VALUES (15045, 'MERCEDES-BENZ', '180', 'E LIMITED EDITION', 1994, 47115, '1.8L', 'ELECTRONIC F/INJ', '55L', '82Kw', 5, '4A', '4D SEDAN', 'RWD');
INSERT INTO Car (Car_id, Car_Make_Model, Car_Model, Car_Series, Car_SeriesYear, Car_PriceNew, Car_EngineSize, Car_FuelSystem, Car_TankCapacity, Car_Power, Car_SeatingCapacity, Car_BodyType, Car_Drive, Car_Wheelbase) VALUES (15046, 'MERCEDES-BENZ', 'A190', 'W168 AVANTGARDE', 2001, 41230, '1.9L', 'MULTI POINT F/INJ', '54L', '92Kw', 5, '5MSeq', '5D HATCHBACK', 'FWD');
INSERT INTO Car (Car_id, Car_Make_Model, Car_Model, Car_Series, Car_SeriesYear, Car_PriceNew, Car_EngineSize, Car_FuelSystem, Car_TankCapacity, Car_Power, Car_SeatingCapacity, Car_BodyType, Car_Drive, Car_Wheelbase) VALUES (15047, 'MERCEDES-BENZ', 'CLK230', 'KOMP ELEGANCE', 2000, 111580, '2.3L', 'SUPERCHARGED MPFI', '62L', '142Kw', 4, '5A', '2D CABRIOLET', 'RWD');
INSERT INTO Car (Car_id, Car_Make_Model, Car_Model, Car_Series, Car_SeriesYear, Car_PriceNew, Car_EngineSize, Car_FuelSystem, Car_TankCapacity, Car_Power, Car_SeatingCapacity, Car_BodyType, Car_Drive, Car_Wheelbase) VALUES (15048, 'MERCEDES-BENZ', 'A190', 'W168 AVANTGARDE', 2000, 41230, '1.9L', 'MULTI POINT F/INJ', '54L', '92Kw', 5, '5MSeq', '5D HATCHBACK', 'FWD');
INSERT INTO Car (Car_id, Car_Make_Model, Car_Model, Car_Series, Car_SeriesYear, Car_PriceNew, Car_EngineSize, Car_FuelSystem, Car_TankCapacity, Car_Power, Car_SeatingCapacity, Car_BodyType, Car_Drive, Car_Wheelbase) VALUES (15049, 'MERCEDES-BENZ', 'ML', 'W163 500 LUXURY 4x4', 2001, 98500, '5.0L', 'MULTI POINT F/INJ', '83L', '215Kw', 5, '5ATS', '4D WAGON', '4WD');
INSERT INTO Car (Car_id, Car_Make_Model, Car_Model, Car_Series, Car_SeriesYear, Car_PriceNew, Car_EngineSize, Car_FuelSystem, Car_TankCapacity, Car_Power, Car_SeatingCapacity, Car_BodyType, Car_Drive, Car_Wheelbase) VALUES (15050, 'MERCEDES-BENZ', 'E500', '211 AVANTGARDE', 2002, 153900, '5.0L', 'MULTI POINT F/INJ', '89L', '225Kw', 5, '5ATSh', '4D SEDAN', 'RWD');
INSERT INTO Car (Car_id, Car_Make_Model, Car_Model, Car_Series, Car_SeriesYear, Car_PriceNew, Car_EngineSize, Car_FuelSystem, Car_TankCapacity, Car_Power, Car_SeatingCapacity, Car_BodyType, Car_Drive, Car_Wheelbase) VALUES (15063, 'RENAULT', 'CLIO', 'SPORT', 2002, 33990, '2.0L', 'MULTI POINT F/INJ', '50L', '124Kw', 5, '5M', '3D HATCHBACK', 'FWD');
INSERT INTO Car (Car_id, Car_Make_Model, Car_Model, Car_Series, Car_SeriesYear, Car_PriceNew, Car_EngineSize, Car_FuelSystem, Car_TankCapacity, Car_Power, Car_SeatingCapacity, Car_BodyType, Car_Drive, Car_Wheelbase) VALUES (15066, 'RENAULT', 'CLIO', 'CAMPUS', 2006, 18990, '1.4L', 'MULTI POINT F/INJ', '50L', '72Kw', 5, '5M', '5D HATCHBACK', 'FWD');
INSERT INTO Car (Car_id, Car_Make_Model, Car_Model, Car_Series, Car_SeriesYear, Car_PriceNew, Car_EngineSize, Car_FuelSystem, Car_TankCapacity, Car_Power, Car_SeatingCapacity, Car_BodyType, Car_Drive, Car_Wheelbase) VALUES (15068, 'RENAULT', 'SCENIC', 'PRIVILEGE', 2003, 37990, '2.0L', 'MULTI POINT F/INJ', '60L', '101Kw', 5, '4A', '5D WAGON', 'FWD');
INSERT INTO Car (Car_id, Car_Make_Model, Car_Model, Car_Series, Car_SeriesYear, Car_PriceNew, Car_EngineSize, Car_FuelSystem, Car_TankCapacity, Car_Power, Car_SeatingCapacity, Car_BodyType, Car_Drive, Car_Wheelbase) VALUES (15080, 'RENAULT', '19', 'RT', 1995, 26790, '1.7L', 'MULTI POINT F/INJ', '55L', '68Kw', 5, '5M', '5D HATCHBACK', 'FWD');
INSERT INTO Car (Car_id, Car_Make_Model, Car_Model, Car_Series, Car_SeriesYear, Car_PriceNew, Car_EngineSize, Car_FuelSystem, Car_TankCapacity, Car_Power, Car_SeatingCapacity, Car_BodyType, Car_Drive, Car_Wheelbase) VALUES (15081, 'RENAULT', 'MEGANE', 'PRIVILEGE', 2004, 35990, '2.0L', 'MULTI POINT F/INJ', '60L', '98Kw', 5, '4A', '4D SEDAN', 'FWD');
INSERT INTO Car (Car_id, Car_Make_Model, Car_Model, Car_Series, Car_SeriesYear, Car_PriceNew, Car_EngineSize, Car_FuelSystem, Car_TankCapacity, Car_Power, Car_SeatingCapacity, Car_BodyType, Car_Drive, Car_Wheelbase) VALUES (15082, 'RENAULT', 'MEGANE', 'EXPRESSION', 2002, 41490, '1.6L', 'MULTI POINT F/INJ', '60L', '79Kw', 4, '5M', '2D CABRIOLET', 'FWD');
INSERT INTO Car (Car_id, Car_Make_Model, Car_Model, Car_Series, Car_SeriesYear, Car_PriceNew, Car_EngineSize, Car_FuelSystem, Car_TankCapacity, Car_Power, Car_SeatingCapacity, Car_BodyType, Car_Drive, Car_Wheelbase) VALUES (15083, 'VOLVO', 'S60', '05 UPGRADE 2.4 20V SE', 2006, 56950, '2.4L', 'MULTI POINT F/INJ', '70L', '125Kw', 5, '5A', '4D SEDAN', 'FWD');
INSERT INTO Car (Car_id, Car_Make_Model, Car_Model, Car_Series, Car_SeriesYear, Car_PriceNew, Car_EngineSize, Car_FuelSystem, Car_TankCapacity, Car_Power, Car_SeatingCapacity, Car_BodyType, Car_Drive, Car_Wheelbase) VALUES (15084, 'VOLVO', 'V50', 'MY08 D5', 2008, 47950, '2.4L', 'DIESEL TURBO F/INJ', '60L', '132Kw', 5, '5AG', '4D WAGON', 'FWD');
INSERT INTO Car (Car_id, Car_Make_Model, Car_Model, Car_Series, Car_SeriesYear, Car_PriceNew, Car_EngineSize, Car_FuelSystem, Car_TankCapacity, Car_Power, Car_SeatingCapacity, Car_BodyType, Car_Drive, Car_Wheelbase) VALUES (15085, 'VOLVO', '7', '40 TURBO', 1989, 65900, '2.3L', 'TURBO EFI', '82L', '119Kw', 5, '4A', '4D SEDAN', 'RWD');
INSERT INTO Car (Car_id, Car_Make_Model, Car_Model, Car_Series, Car_SeriesYear, Car_PriceNew, Car_EngineSize, Car_FuelSystem, Car_TankCapacity, Car_Power, Car_SeatingCapacity, Car_BodyType, Car_Drive, Car_Wheelbase) VALUES (15087, 'VOLVO', '8', '50 GLE', 1992, 45690, '2.4L', 'ELECTRONIC F/INJ', '73L', '103Kw', 5, '4A', '4D SEDAN', 'FWD');
INSERT INTO Car (Car_id, Car_Make_Model, Car_Model, Car_Series, Car_SeriesYear, Car_PriceNew, Car_EngineSize, Car_FuelSystem, Car_TankCapacity, Car_Power, Car_SeatingCapacity, Car_BodyType, Car_Drive, Car_Wheelbase) VALUES (15088, 'VOLVO', 'XC70', '05 UPGRADE II LIFESTYLE EDITION LE', 2005, 64450, '2.5L', 'TURBO MPFI', '70L', '154Kw', 5, '5AG', '4D WAGON', 'AWD');
INSERT INTO Car (Car_id, Car_Make_Model, Car_Model, Car_Series, Car_SeriesYear, Car_PriceNew, Car_EngineSize, Car_FuelSystem, Car_TankCapacity, Car_Power, Car_SeatingCapacity, Car_BodyType, Car_Drive, Car_Wheelbase) VALUES (15089, 'VOLVO', 'V50', 'MY07 2.4 LE', 2007, 47950, '2.4L', 'MULTI POINT F/INJ', '62L', '125Kw', 5, '5AG', '4D WAGON', 'FWD');
INSERT INTO Car (Car_id, Car_Make_Model, Car_Model, Car_Series, Car_SeriesYear, Car_PriceNew, Car_EngineSize, Car_FuelSystem, Car_TankCapacity, Car_Power, Car_SeatingCapacity, Car_BodyType, Car_Drive, Car_Wheelbase) VALUES (15100, 'VOLVO', 'S40', 'MY2003 2.0 SE', 2003, 47950, '1.9L', 'MULTI POINT F/INJ', '60L', '100Kw', 5, '5A', '4D SEDAN', 'FWD');
INSERT INTO Car (Car_id, Car_Make_Model, Car_Model, Car_Series, Car_SeriesYear, Car_PriceNew, Car_EngineSize, Car_FuelSystem, Car_TankCapacity, Car_Power, Car_SeatingCapacity, Car_BodyType, Car_Drive, Car_Wheelbase) VALUES (15101, 'VOLVO', 'S40', 'MY2001 2.0 SE', 2001, 47950, '1.9L', 'MULTI POINT F/INJ', '60L', '100Kw', 5, '5A', '4D SEDAN', 'FWD');
INSERT INTO Car (Car_id, Car_Make_Model, Car_Model, Car_Series, Car_SeriesYear, Car_PriceNew, Car_EngineSize, Car_FuelSystem, Car_TankCapacity, Car_Power, Car_SeatingCapacity, Car_BodyType, Car_Drive, Car_Wheelbase) VALUES (15102, 'VOLVO', '8', '50 GLE', 1994, 47950, '2.4L', 'ELECTRONIC F/INJ', '73L', '103Kw', 5, '4A', '4D SEDAN', 'FWD');
INSERT INTO Car (Car_id, Car_Make_Model, Car_Model, Car_Series, Car_SeriesYear, Car_PriceNew, Car_EngineSize, Car_FuelSystem, Car_TankCapacity, Car_Power, Car_SeatingCapacity, Car_BodyType, Car_Drive, Car_Wheelbase) VALUES (15103, 'VOLVO', 'S80', 'T6 SE', 2001, 98950, '2.8L', 'TWIN TURBO MPFI', '80L', '200Kw', 5, '4AG', '4D SEDAN', 'RWD');
INSERT INTO Car (Car_id, Car_Make_Model, Car_Model, Car_Series, Car_SeriesYear, Car_PriceNew, Car_EngineSize, Car_FuelSystem, Car_TankCapacity, Car_Power, Car_SeatingCapacity, Car_BodyType, Car_Drive, Car_Wheelbase) VALUES (15104, 'VOLVO', '8', '50 SE', 1997, 59950, '2.4L', 'MULTI POINT F/INJ', '73L', '125Kw', 5, '4A', '5D WAGON', 'FWD');
INSERT INTO Car (Car_id, Car_Make_Model, Car_Model, Car_Series, Car_SeriesYear, Car_PriceNew, Car_EngineSize, Car_FuelSystem, Car_TankCapacity, Car_Power, Car_SeatingCapacity, Car_BodyType, Car_Drive, Car_Wheelbase) VALUES (15105, 'VOLVO', 'V40', '2', 1997, 45950, '1.9L', 'MULTI POINT F/INJ', '60L', '103Kw', 5, '4A', '5D WAGON', 'FWD');
INSERT INTO Car (Car_id, Car_Make_Model, Car_Model, Car_Series, Car_SeriesYear, Car_PriceNew, Car_EngineSize, Car_FuelSystem, Car_TankCapacity, Car_Power, Car_SeatingCapacity, Car_BodyType, Car_Drive, Car_Wheelbase) VALUES (15106, 'VOLVO', 'S40', '2', 1997, 44950, '1.9L', 'MULTI POINT F/INJ', '60L', '103Kw', 5, '4A', '4D SEDAN', 'FWD');
INSERT INTO Car (Car_id, Car_Make_Model, Car_Model, Car_Series, Car_SeriesYear, Car_PriceNew, Car_EngineSize, Car_FuelSystem, Car_TankCapacity, Car_Power, Car_SeatingCapacity, Car_BodyType, Car_Drive, Car_Wheelbase) VALUES (15107, 'VOLVO', 'XC90', 'MY06 LIFESTYLE EDITION LE', 2006, 69950, '2.5L', 'TURBO MPFI', '72L', '154Kw', 7, '5AG', '4D WAGON', 'AWD');
INSERT INTO Car (Car_id, Car_Make_Model, Car_Model, Car_Series, Car_SeriesYear, Car_PriceNew, Car_EngineSize, Car_FuelSystem, Car_TankCapacity, Car_Power, Car_SeatingCapacity, Car_BodyType, Car_Drive, Car_Wheelbase) VALUES (15108, 'VOLVO', 'S40', 'T4', 1998, 53450, '1.9L', 'TURBO MPFI', '60L', '147Kw', 5, '5M', '4D SEDAN', 'FWD');
INSERT INTO Car (Car_id, Car_Make_Model, Car_Model, Car_Series, Car_SeriesYear, Car_PriceNew, Car_EngineSize, Car_FuelSystem, Car_TankCapacity, Car_Power, Car_SeatingCapacity, Car_BodyType, Car_Drive, Car_Wheelbase) VALUES (15109, 'VOLVO', '4', '40 GLT', 1994, 40950, '2.0L', 'ELECTRONIC F/INJ', '60L', '80Kw', 5, '4A', '4D HATCHBACK', 'FWD');
INSERT INTO Car (Car_id, Car_Make_Model, Car_Model, Car_Series, Car_SeriesYear, Car_PriceNew, Car_EngineSize, Car_FuelSystem, Car_TankCapacity, Car_Power, Car_SeatingCapacity, Car_BodyType, Car_Drive, Car_Wheelbase) VALUES (15110, 'VOLVO', '2', '44 GL', 1979, 11220, '2.1L', 'FUEL INJECTED', '60L', '91Kw', 5, '3A', '4D SEDAN', 'RWD');
INSERT INTO Car (Car_id, Car_Make_Model, Car_Model, Car_Series, Car_SeriesYear, Car_PriceNew, Car_EngineSize, Car_FuelSystem, Car_TankCapacity, Car_Power, Car_SeatingCapacity, Car_BodyType, Car_Drive, Car_Wheelbase) VALUES (15119, 'VOLVO', '4', '40 GLT', 1996, 45500, '2.0L', 'ELECTRONIC F/INJ', '60L', '80Kw', 5, '4A', '4D HATCHBACK', 'FWD');
INSERT INTO Car (Car_id, Car_Make_Model, Car_Model, Car_Series, Car_SeriesYear, Car_PriceNew, Car_EngineSize, Car_FuelSystem, Car_TankCapacity, Car_Power, Car_SeatingCapacity, Car_BodyType, Car_Drive, Car_Wheelbase) VALUES (15121, 'VOLVO', 'S40', 'MY06 T5 AWD', 2006, 54950, '2.5L', 'TURBO MPFI', '57L', '162Kw', 5, '5AG', '4D SEDAN', 'AWD');
INSERT INTO Car (Car_id, Car_Make_Model, Car_Model, Car_Series, Car_SeriesYear, Car_PriceNew, Car_EngineSize, Car_FuelSystem, Car_TankCapacity, Car_Power, Car_SeatingCapacity, Car_BodyType, Car_Drive, Car_Wheelbase) VALUES (15122, 'NISSAN', '200', 'S15 SX SPEC S GT', 2002, 42990, '2.0L', 'TURBO MPFI', '65L', '147Kw', 4, '6M', '2D COUPE', 'RWD');
INSERT INTO Car (Car_id, Car_Make_Model, Car_Model, Car_Series, Car_SeriesYear, Car_PriceNew, Car_EngineSize, Car_FuelSystem, Car_TankCapacity, Car_Power, Car_SeatingCapacity, Car_BodyType, Car_Drive, Car_Wheelbase) VALUES (15123, 'NISSAN', '200', 'SX SPORTS LIMITED', 1994, 38500, '2.0L', 'TURBO MPFI', '65L', '147Kw', 4, '5M', '2D COUPE', 'RWD');
INSERT INTO Car (Car_id, Car_Make_Model, Car_Model, Car_Series, Car_SeriesYear, Car_PriceNew, Car_EngineSize, Car_FuelSystem, Car_TankCapacity, Car_Power, Car_SeatingCapacity, Car_BodyType, Car_Drive, Car_Wheelbase) VALUES (15124, 'NISSAN', '200', 'SX SPORTS', 1996, 44510, '2.0L', 'TURBO MPFI', '65L', '147Kw', 4, '5M', '2D COUPE', 'RWD');
INSERT INTO Car (Car_id, Car_Make_Model, Car_Model, Car_Series, Car_SeriesYear, Car_PriceNew, Car_EngineSize, Car_FuelSystem, Car_TankCapacity, Car_Power, Car_SeatingCapacity, Car_BodyType, Car_Drive, Car_Wheelbase) VALUES (15125, 'NISSAN', '200', 'S15 SX SPEC S', 2002, 40990, '2.0L', 'TURBO MPFI', '65L', '147Kw', 4, '6M', '2D COUPE', 'RWD');
INSERT INTO Car (Car_id, Car_Make_Model, Car_Model, Car_Series, Car_SeriesYear, Car_PriceNew, Car_EngineSize, Car_FuelSystem, Car_TankCapacity, Car_Power, Car_SeatingCapacity, Car_BodyType, Car_Drive, Car_Wheelbase) VALUES (15126, 'NISSAN', '200', 'S15 SX SPEC R GT', 2002, 46490, '2.0L', 'TURBO MPFI', '65L', '147Kw', 4, '6M', '2D COUPE', 'RWD');
INSERT INTO Car (Car_id, Car_Make_Model, Car_Model, Car_Series, Car_SeriesYear, Car_PriceNew, Car_EngineSize, Car_FuelSystem, Car_TankCapacity, Car_Power, Car_SeatingCapacity, Car_BodyType, Car_Drive, Car_Wheelbase) VALUES (15127, 'NISSAN', '200', 'SX SPORTS LIMITED', 1998, 39990, '2.0L', 'TURBO MPFI', '65L', '147Kw', 4, '5M', '2D COUPE', 'RWD');
INSERT INTO Car (Car_id, Car_Make_Model, Car_Model, Car_Series, Car_SeriesYear, Car_PriceNew, Car_EngineSize, Car_FuelSystem, Car_TankCapacity, Car_Power, Car_SeatingCapacity, Car_BodyType, Car_Drive, Car_Wheelbase) VALUES (15128, 'NISSAN', '200', 'S15 SX SPEC S', 2001, 40990, '2.0L', 'TURBO MPFI', '65L', '147Kw', 4, '6M', '2D COUPE', 'RWD');
INSERT INTO Car (Car_id, Car_Make_Model, Car_Model, Car_Series, Car_SeriesYear, Car_PriceNew, Car_EngineSize, Car_FuelSystem, Car_TankCapacity, Car_Power, Car_SeatingCapacity, Car_BodyType, Car_Drive, Car_Wheelbase) VALUES (15129, 'NISSAN', '200', 'SX LUXURY', 1998, 49995, '2.0L', 'TURBO MPFI', '65L', '147Kw', 4, '5M', '2D COUPE', 'RWD');
INSERT INTO Car (Car_id, Car_Make_Model, Car_Model, Car_Series, Car_SeriesYear, Car_PriceNew, Car_EngineSize, Car_FuelSystem, Car_TankCapacity, Car_Power, Car_SeatingCapacity, Car_BodyType, Car_Drive, Car_Wheelbase) VALUES (15130, 'PEUGEOT', '205', 'GTi', 1990, 33750, '1.9L', 'ELECTRONIC F/INJ', '50L', '75Kw', 5, '5M', '3D HATCHBACK', 'FWD');
INSERT INTO Car (Car_id, Car_Make_Model, Car_Model, Car_Series, Car_SeriesYear, Car_PriceNew, Car_EngineSize, Car_FuelSystem, Car_TankCapacity, Car_Power, Car_SeatingCapacity, Car_BodyType, Car_Drive, Car_Wheelbase) VALUES (15140, 'PEUGEOT', '406', 'D8 ST', 1997, 39995, '2.0L', 'MULTI POINT F/INJ', '70L', '100Kw', 5, '5M', '4D SEDAN', 'FWD');
INSERT INTO Car (Car_id, Car_Make_Model, Car_Model, Car_Series, Car_SeriesYear, Car_PriceNew, Car_EngineSize, Car_FuelSystem, Car_TankCapacity, Car_Power, Car_SeatingCapacity, Car_BodyType, Car_Drive, Car_Wheelbase) VALUES (15142, 'PEUGEOT', '405', 'Mi16', 1993, 41995, '2.0L', 'ELECTRONIC F/INJ', '70L', '112Kw', 5, '5M', '4D SEDAN', 'FWD');
INSERT INTO Car (Car_id, Car_Make_Model, Car_Model, Car_Series, Car_SeriesYear, Car_PriceNew, Car_EngineSize, Car_FuelSystem, Car_TankCapacity, Car_Power, Car_SeatingCapacity, Car_BodyType, Car_Drive, Car_Wheelbase) VALUES (15143, 'PEUGEOT', '306', 'XT', 2000, 29490, '2.0L', 'MULTI POINT F/INJ', '60L', '100Kw', 5, '5M', '5D HATCHBACK', 'FWD');
INSERT INTO Car (Car_id, Car_Make_Model, Car_Model, Car_Series, Car_SeriesYear, Car_PriceNew, Car_EngineSize, Car_FuelSystem, Car_TankCapacity, Car_Power, Car_SeatingCapacity, Car_BodyType, Car_Drive, Car_Wheelbase) VALUES (15144, 'PEUGEOT', '206', 'XT', 2001, 22990, '1.6L', 'MULTI POINT F/INJ', '50L', '67Kw', 5, '5M', '5D HATCHBACK', 'FWD');
INSERT INTO Car (Car_id, Car_Make_Model, Car_Model, Car_Series, Car_SeriesYear, Car_PriceNew, Car_EngineSize, Car_FuelSystem, Car_TankCapacity, Car_Power, Car_SeatingCapacity, Car_BodyType, Car_Drive, Car_Wheelbase) VALUES (15145, 'MEAN', 'MEAN', 'MEAN', 'MEAN', 'MEAN', 'MEAN', 'MEAN', 'MEAN', 'MEAN', 'MEAN', 'MEAN', 'MEAN', 'MEAN');
INSERT INTO Car (Car_id, Car_Make_Model, Car_Model, Car_Series, Car_SeriesYear, Car_PriceNew, Car_EngineSize, Car_FuelSystem, Car_TankCapacity, Car_Power, Car_SeatingCapacity, Car_BodyType, Car_Drive, Car_Wheelbase) VALUES (15146, 'PEUGEOT', '206', 'GTi', 2004, 29990, '2.0L', 'MULTI POINT F/INJ', '50L', '102Kw', 5, '5M', '3D HATCHBACK', 'FWD');
INSERT INTO Car (Car_id, Car_Make_Model, Car_Model, Car_Series, Car_SeriesYear, Car_PriceNew, Car_EngineSize, Car_FuelSystem, Car_TankCapacity, Car_Power, Car_SeatingCapacity, Car_BodyType, Car_Drive, Car_Wheelbase) VALUES (15147, 'PEUGEOT', '406', 'D9', 2004, 69550, '2.9L', 'MULTI POINT F/INJ', '70L', '157Kw', 4, '5M', '2D COUPE', 'FWD');
INSERT INTO Car (Car_id, Car_Make_Model, Car_Model, Car_Series, Car_SeriesYear, Car_PriceNew, Car_EngineSize, Car_FuelSystem, Car_TankCapacity, Car_Power, Car_SeatingCapacity, Car_BodyType, Car_Drive, Car_Wheelbase) VALUES (15148, 'PEUGEOT', '206', 'CC', 2005, 32990, '1.6L', 'MULTI POINT F/INJ', '50L', '80Kw', 4, '5M', '2D CABRIOLET', 'FWD');
INSERT INTO Car (Car_id, Car_Make_Model, Car_Model, Car_Series, Car_SeriesYear, Car_PriceNew, Car_EngineSize, Car_FuelSystem, Car_TankCapacity, Car_Power, Car_SeatingCapacity, Car_BodyType, Car_Drive, Car_Wheelbase) VALUES (15149, 'PEUGEOT', '307', 'XSE', 2003, 31790, '2.0L', 'MULTI POINT F/INJ', '60L', '100Kw', 5, '5M', '5D HATCHBACK', 'FWD');
INSERT INTO Car (Car_id, Car_Make_Model, Car_Model, Car_Series, Car_SeriesYear, Car_PriceNew, Car_EngineSize, Car_FuelSystem, Car_TankCapacity, Car_Power, Car_SeatingCapacity, Car_BodyType, Car_Drive, Car_Wheelbase) VALUES (15150, 'PEUGEOT', '206', 'XR', 2002, 19990, '1.4L', 'MULTI POINT F/INJ', '50L', '55Kw', 5, '5M', '5D HATCHBACK', 'FWD');
INSERT INTO Car (Car_id, Car_Make_Model, Car_Model, Car_Series, Car_SeriesYear, Car_PriceNew, Car_EngineSize, Car_FuelSystem, Car_TankCapacity, Car_Power, Car_SeatingCapacity, Car_BodyType, Car_Drive, Car_Wheelbase) VALUES (15160, 'PEUGEOT', '405', 'D60 SRI', 1992, 34995, '1.9L', 'ELECTRONIC F/INJ', '70L', '80Kw', 5, '5M', '4D SEDAN', 'FWD');
INSERT INTO Car (Car_id, Car_Make_Model, Car_Model, Car_Series, Car_SeriesYear, Car_PriceNew, Car_EngineSize, Car_FuelSystem, Car_TankCapacity, Car_Power, Car_SeatingCapacity, Car_BodyType, Car_Drive, Car_Wheelbase) VALUES (15161, 'PEUGEOT', '307', 'MY06 UPGRADE XSE HDi 2.0', 2006, 32290, '2.0L', 'DIESEL TURBO F/INJ', '60L', '100Kw', 5, '6M', '5D HATCHBACK', 'FWD');
INSERT INTO Car (Car_id, Car_Make_Model, Car_Model, Car_Series, Car_SeriesYear, Car_PriceNew, Car_EngineSize, Car_FuelSystem, Car_TankCapacity, Car_Power, Car_SeatingCapacity, Car_BodyType, Car_Drive, Car_Wheelbase) VALUES (15162, 'PEUGEOT', '206', 'XT', 2000, 22450, '1.6L', 'MULTI POINT F/INJ', '50L', '67Kw', 5, '5M', '5D HATCHBACK', 'FWD');
INSERT INTO Car (Car_id, Car_Make_Model, Car_Model, Car_Series, Car_SeriesYear, Car_PriceNew, Car_EngineSize, Car_FuelSystem, Car_TankCapacity, Car_Power, Car_SeatingCapacity, Car_BodyType, Car_Drive, Car_Wheelbase) VALUES (15163, 'PEUGEOT', '307', 'MY06 UPGRADE SPORT 2.0', 2005, 37990, '2.0L', 'MULTI POINT F/INJ', '60L', '130Kw', 5, '5M', '5D HATCHBACK', 'FWD');
INSERT INTO Car (Car_id, Car_Make_Model, Car_Model, Car_Series, Car_SeriesYear, Car_PriceNew, Car_EngineSize, Car_FuelSystem, Car_TankCapacity, Car_Power, Car_SeatingCapacity, Car_BodyType, Car_Drive, Car_Wheelbase) VALUES (15165, 'PEUGEOT', '206', 'CC', 2006, 34990, '1.6L', 'MULTI POINT F/INJ', '50L', '80Kw', 4, '4ATip', '2D CABRIOLET', 'FWD');
INSERT INTO Car (Car_id, Car_Make_Model, Car_Model, Car_Series, Car_SeriesYear, Car_PriceNew, Car_EngineSize, Car_FuelSystem, Car_TankCapacity, Car_Power, Car_SeatingCapacity, Car_BodyType, Car_Drive, Car_Wheelbase) VALUES (15166, 'PEUGEOT', '307', 'XSE', 2004, 33990, '2.0L', 'MULTI POINT F/INJ', '60L', '100Kw', 5, '4ATip', '5D HATCHBACK', 'FWD');
INSERT INTO Car (Car_id, Car_Make_Model, Car_Model, Car_Series, Car_SeriesYear, Car_PriceNew, Car_EngineSize, Car_FuelSystem, Car_TankCapacity, Car_Power, Car_SeatingCapacity, Car_BodyType, Car_Drive, Car_Wheelbase) VALUES (15167, 'PEUGEOT', '206', 'C', 2006, 22990, '1.6L', 'MULTI POINT F/INJ', '50L', '82Kw', 5, '5M', '5D HATCHBACK', 'FWD');
INSERT INTO Car (Car_id, Car_Make_Model, Car_Model, Car_Series, Car_SeriesYear, Car_PriceNew, Car_EngineSize, Car_FuelSystem, Car_TankCapacity, Car_Power, Car_SeatingCapacity, Car_BodyType, Car_Drive, Car_Wheelbase) VALUES (15168, 'PEUGEOT', '206', 'XR', 2004, 19990, '1.4L', 'MULTI POINT F/INJ', '50L', '55Kw', 5, '5M', '5D HATCHBACK', 'FWD');
INSERT INTO Car (Car_id, Car_Make_Model, Car_Model, Car_Series, Car_SeriesYear, Car_PriceNew, Car_EngineSize, Car_FuelSystem, Car_TankCapacity, Car_Power, Car_SeatingCapacity, Car_BodyType, Car_Drive, Car_Wheelbase) VALUES (15169, 'PEUGEOT', '307', 'MY06 UPGRADE XSE HDi 2.0 TOURING', 2006, 33990, '2.0L', 'DIESEL TURBO F/INJ', '60L', '100Kw', 5, '6M', '4D WAGON', 'FWD');
INSERT INTO Car (Car_id, Car_Make_Model, Car_Model, Car_Series, Car_SeriesYear, Car_PriceNew, Car_EngineSize, Car_FuelSystem, Car_TankCapacity, Car_Power, Car_SeatingCapacity, Car_BodyType, Car_Drive, Car_Wheelbase) VALUES (15181, 'PEUGEOT', '206', 'XR', 2003, 21990, '1.6L', 'MULTI POINT F/INJ', '50L', '82Kw', 5, '5M', '3D HATCHBACK', 'FWD');
INSERT INTO Car (Car_id, Car_Make_Model, Car_Model, Car_Series, Car_SeriesYear, Car_PriceNew, Car_EngineSize, Car_FuelSystem, Car_TankCapacity, Car_Power, Car_SeatingCapacity, Car_BodyType, Car_Drive, Car_Wheelbase) VALUES (15184, 'EUNOS', '800', 'M', 1996, 85165, '2.3L', 'MILLER CYCLE', '68L', '149Kw', 5, '4A', '4D SEDAN', 'FWD');
INSERT INTO Car (Car_id, Car_Make_Model, Car_Model, Car_Series, Car_SeriesYear, Car_PriceNew, Car_EngineSize, Car_FuelSystem, Car_TankCapacity, Car_Power, Car_SeatingCapacity, Car_BodyType, Car_Drive, Car_Wheelbase) VALUES (15186, 'EUNOS', '30', 'X SPORT', 1996, 37155, '1.8L', 'ELECTRONIC F/INJ', '50L', '99Kw', 4, '5M', '2D COUPE', 'FWD');
INSERT INTO Car (Car_id, Car_Make_Model, Car_Model, Car_Series, Car_SeriesYear, Car_PriceNew, Car_EngineSize, Car_FuelSystem, Car_TankCapacity, Car_Power, Car_SeatingCapacity, Car_BodyType, Car_Drive, Car_Wheelbase) VALUES (15199, 'CHRYSLER', 'VALIANT', 'CM GLX', 1979, 8014, '4.3L', 'CARB', '79L', '120Kw', 5, '3A', '4D SEDAN', 'RWD');
INSERT INTO Car (Car_id, Car_Make_Model, Car_Model, Car_Series, Car_SeriesYear, Car_PriceNew, Car_EngineSize, Car_FuelSystem, Car_TankCapacity, Car_Power, Car_SeatingCapacity, Car_BodyType, Car_Drive, Car_Wheelbase) VALUES (15200, 'CHRYSLER', '300C', 'LE MY06 CRD', 2006, 57990, '3.0L', 'DIESEL TURBO F/INJ', '71L', '160Kw', 5, '5A', '4D SEDAN', 'RWD');
INSERT INTO Car (Car_id, Car_Make_Model, Car_Model, Car_Series, Car_SeriesYear, Car_PriceNew, Car_EngineSize, Car_FuelSystem, Car_TankCapacity, Car_Power, Car_SeatingCapacity, Car_BodyType, Car_Drive, Car_Wheelbase) VALUES (15201, 'CHRYSLER', 'VOYAGER', 'RG SE', 2002, 52590, '3.3L', 'MULTI POINT F/INJ', '75L', '128Kw', 7, '4A', '4D WAGON', 'FWD');
INSERT INTO Car (Car_id, Car_Make_Model, Car_Model, Car_Series, Car_SeriesYear, Car_PriceNew, Car_EngineSize, Car_FuelSystem, Car_TankCapacity, Car_Power, Car_SeatingCapacity, Car_BodyType, Car_Drive, Car_Wheelbase) VALUES (15202, 'CHRYSLER', 'CROSSFIRE', 'ZH ROADSTER', 2005, 75990, '3.2L', 'MULTI POINT F/INJ', '60L', '160Kw', 2, '5ASeq', '2D CONVERTIBLE', 'RWD');
INSERT INTO Car (Car_id, Car_Make_Model, Car_Model, Car_Series, Car_SeriesYear, Car_PriceNew, Car_EngineSize, Car_FuelSystem, Car_TankCapacity, Car_Power, Car_SeatingCapacity, Car_BodyType, Car_Drive, Car_Wheelbase) VALUES (15203, 'CHRYSLER', 'VOYAGER', 'GS SE', 1999, 48200, '3.3L', 'MULTI POINT F/INJ', '76L', '116Kw', 7, '4A', '4D WAGON', 'FWD');
INSERT INTO Car (Car_id, Car_Make_Model, Car_Model, Car_Series, Car_SeriesYear, Car_PriceNew, Car_EngineSize, Car_FuelSystem, Car_TankCapacity, Car_Power, Car_SeatingCapacity, Car_BodyType, Car_Drive, Car_Wheelbase) VALUES (15204, 'CHRYSLER', 'PT CRUISER', 'MY06 CLASSIC', 2005, 31990, '2.4L', 'MULTI POINT F/INJ', '57L', '105Kw', 5, '4A', '5D HATCHBACK', 'FWD');
INSERT INTO Car (Car_id, Car_Make_Model, Car_Model, Car_Series, Car_SeriesYear, Car_PriceNew, Car_EngineSize, Car_FuelSystem, Car_TankCapacity, Car_Power, Car_SeatingCapacity, Car_BodyType, Car_Drive, Car_Wheelbase) VALUES (15205, 'CHRYSLER', 'PT CRUISER', 'CLASSIC', 2001, 35200, '2.0L', 'MULTI POINT F/INJ', '57L', '104Kw', 5, '5M', '5D HATCHBACK', 'FWD');
INSERT INTO Car (Car_id, Car_Make_Model, Car_Model, Car_Series, Car_SeriesYear, Car_PriceNew, Car_EngineSize, Car_FuelSystem, Car_TankCapacity, Car_Power, Car_SeatingCapacity, Car_BodyType, Car_Drive, Car_Wheelbase) VALUES (15206, 'MEAN', 'MEAN', 'MEAN', 'MEAN', 'MEAN', 'MEAN', 'MEAN', 'MEAN', 'MEAN', 'MEAN', 'MEAN', 'MEAN', 'MEAN');
INSERT INTO Car (Car_id, Car_Make_Model, Car_Model, Car_Series, Car_SeriesYear, Car_PriceNew, Car_EngineSize, Car_FuelSystem, Car_TankCapacity, Car_Power, Car_SeatingCapacity, Car_BodyType, Car_Drive, Car_Wheelbase) VALUES (15207, 'CHRYSLER', '300C', 'LE MY06 SRT8', 2006, 71990, '6.1L', 'MULTI POINT F/INJ', '71L', '317Kw', 5, '5A', '4D SEDAN', 'RWD');
INSERT INTO Car (Car_id, Car_Make_Model, Car_Model, Car_Series, Car_SeriesYear, Car_PriceNew, Car_EngineSize, Car_FuelSystem, Car_TankCapacity, Car_Power, Car_SeatingCapacity, Car_BodyType, Car_Drive, Car_Wheelbase) VALUES (15208, 'CHRYSLER', 'GRAND VOYAGER', 'RG SE', 2004, 59090, '3.3L', 'MULTI POINT F/INJ', '75L', '128Kw', 7, '4A', '4D WAGON', 'FWD');
INSERT INTO Car (Car_id, Car_Make_Model, Car_Model, Car_Series, Car_SeriesYear, Car_PriceNew, Car_EngineSize, Car_FuelSystem, Car_TankCapacity, Car_Power, Car_SeatingCapacity, Car_BodyType, Car_Drive, Car_Wheelbase) VALUES (15209, 'CHRYSLER', 'NEON', 'SE', 1997, 24880, '2.0L', 'ELECTRONIC F/INJ', '47L', '98Kw', 5, '3A', '4D SEDAN', 'FWD');
INSERT INTO Car (Car_id, Car_Make_Model, Car_Model, Car_Series, Car_SeriesYear, Car_PriceNew, Car_EngineSize, Car_FuelSystem, Car_TankCapacity, Car_Power, Car_SeatingCapacity, Car_BodyType, Car_Drive, Car_Wheelbase) VALUES (15210, 'CHRYSLER', 'PT CRUISER', 'CLASSIC', 2004, 32490, '2.0L', 'MULTI POINT F/INJ', '57L', '104Kw', 5, '4A', '5D HATCHBACK', 'FWD');
INSERT INTO Car (Car_id, Car_Make_Model, Car_Model, Car_Series, Car_SeriesYear, Car_PriceNew, Car_EngineSize, Car_FuelSystem, Car_TankCapacity, Car_Power, Car_SeatingCapacity, Car_BodyType, Car_Drive, Car_Wheelbase) VALUES (15220, 'CHRYSLER', 'VOYAGER', 'RG 05 UPGRADE LX', 2004, 62980, '3.3L', 'MULTI POINT F/INJ', '75L', '128Kw', 7, '4A', '4D WAGON', 'FWD');
INSERT INTO Car (Car_id, Car_Make_Model, Car_Model, Car_Series, Car_SeriesYear, Car_PriceNew, Car_EngineSize, Car_FuelSystem, Car_TankCapacity, Car_Power, Car_SeatingCapacity, Car_BodyType, Car_Drive, Car_Wheelbase) VALUES (15221, 'CHRYSLER', 'PT CRUISER', 'LIMITED', 2004, 38490, '2.0L', 'MULTI POINT F/INJ', '57L', '104Kw', 5, '4A', '5D HATCHBACK', 'FWD');
INSERT INTO Car (Car_id, Car_Make_Model, Car_Model, Car_Series, Car_SeriesYear, Car_PriceNew, Car_EngineSize, Car_FuelSystem, Car_TankCapacity, Car_Power, Car_SeatingCapacity, Car_BodyType, Car_Drive, Car_Wheelbase) VALUES (15222, 'CHRYSLER', 'VOYAGER', 'GS SE', 2001, 46900, '3.3L', 'MULTI POINT F/INJ', '76L', '116Kw', 7, '4A', '4D WAGON', 'FWD');
INSERT INTO Car (Car_id, Car_Make_Model, Car_Model, Car_Series, Car_SeriesYear, Car_PriceNew, Car_EngineSize, Car_FuelSystem, Car_TankCapacity, Car_Power, Car_SeatingCapacity, Car_BodyType, Car_Drive, Car_Wheelbase) VALUES (15223, 'MAZDA', '323', 'PROTEGE', 1999, 20990, '1.6L', 'MULTI POINT F/INJ', '55L', '78Kw', 5, '5M', '4D SEDAN', 'FWD');
INSERT INTO Car (Car_id, Car_Make_Model, Car_Model, Car_Series, Car_SeriesYear, Car_PriceNew, Car_EngineSize, Car_FuelSystem, Car_TankCapacity, Car_Power, Car_SeatingCapacity, Car_BodyType, Car_Drive, Car_Wheelbase) VALUES (15224, 'MAZDA', '323', 'ASTINA', 1997, 35700, '2.0L', 'MULTI POINT F/INJ', '55L', '104Kw', 5, '5M', '5D HATCHBACK', 'FWD');
INSERT INTO Car (Car_id, Car_Make_Model, Car_Model, Car_Series, Car_SeriesYear, Car_PriceNew, Car_EngineSize, Car_FuelSystem, Car_TankCapacity, Car_Power, Car_SeatingCapacity, Car_BodyType, Car_Drive, Car_Wheelbase) VALUES (15225, 'MAZDA', '323', 'ASTINA SHADES', 2001, 20490, '1.6L', 'MULTI POINT F/INJ', '55L', '78Kw', 5, '5M', '5D HATCHBACK', 'FWD');
INSERT INTO Car (Car_id, Car_Make_Model, Car_Model, Car_Series, Car_SeriesYear, Car_PriceNew, Car_EngineSize, Car_FuelSystem, Car_TankCapacity, Car_Power, Car_SeatingCapacity, Car_BodyType, Car_Drive, Car_Wheelbase) VALUES (15226, 'MAZDA', '323', 'DELUXE', 1983, 8835, '1.5L', 'CARB', '45L', '54Kw', 4, '5M', '4D WAGON', 'RWD');
INSERT INTO Car (Car_id, Car_Make_Model, Car_Model, Car_Series, Car_SeriesYear, Car_PriceNew, Car_EngineSize, Car_FuelSystem, Car_TankCapacity, Car_Power, Car_SeatingCapacity, Car_BodyType, Car_Drive, Car_Wheelbase) VALUES (15227, 'MAZDA', '323', 'PROTEGE SHADES', 2000, 19715, '1.6L', 'MULTI POINT F/INJ', '55L', '78Kw', 5, '5M', '4D SEDAN', 'FWD');
INSERT INTO Car (Car_id, Car_Make_Model, Car_Model, Car_Series, Car_SeriesYear, Car_PriceNew, Car_EngineSize, Car_FuelSystem, Car_TankCapacity, Car_Power, Car_SeatingCapacity, Car_BodyType, Car_Drive, Car_Wheelbase) VALUES (15228, 'MAZDA', '323', 'PROTEGE', 1997, 22915, '1.8L', 'MULTI POINT F/INJ', '55L', '92Kw', 5, '5M', '4D SEDAN', 'FWD');
INSERT INTO Car (Car_id, Car_Make_Model, Car_Model, Car_Series, Car_SeriesYear, Car_PriceNew, Car_EngineSize, Car_FuelSystem, Car_TankCapacity, Car_Power, Car_SeatingCapacity, Car_BodyType, Car_Drive, Car_Wheelbase) VALUES (15229, 'MAZDA', '323', 'ASTINA', 1995, 31050, '1.8L', 'MULTI POINT F/INJ', '55L', '92Kw', 5, '4A', '5D HATCHBACK', 'FWD');
INSERT INTO Car (Car_id, Car_Make_Model, Car_Model, Car_Series, Car_SeriesYear, Car_PriceNew, Car_EngineSize, Car_FuelSystem, Car_TankCapacity, Car_Power, Car_SeatingCapacity, Car_BodyType, Car_Drive, Car_Wheelbase) VALUES (15230, 'MAZDA', '323', 'PROTEGE', 1998, 22915, '1.8L', 'MULTI POINT F/INJ', '55L', '92Kw', 5, '5M', '4D SEDAN', 'FWD');
INSERT INTO Car (Car_id, Car_Make_Model, Car_Model, Car_Series, Car_SeriesYear, Car_PriceNew, Car_EngineSize, Car_FuelSystem, Car_TankCapacity, Car_Power, Car_SeatingCapacity, Car_BodyType, Car_Drive, Car_Wheelbase) VALUES (15240, 'MAZDA', '323', 'PROTEGE', 2000, 19715, '1.6L', 'MULTI POINT F/INJ', '55L', '78Kw', 5, '5M', '4D SEDAN', 'FWD');
INSERT INTO Car (Car_id, Car_Make_Model, Car_Model, Car_Series, Car_SeriesYear, Car_PriceNew, Car_EngineSize, Car_FuelSystem, Car_TankCapacity, Car_Power, Car_SeatingCapacity, Car_BodyType, Car_Drive, Car_Wheelbase) VALUES (15241, 'MAZDA', '323', 'ASTINA', 1993, 25715, '1.8L', 'MULTI POINT F/INJ', '55L', '76Kw', 5, '5M', '5D HATCHBACK', 'FWD');
INSERT INTO Car (Car_id, Car_Make_Model, Car_Model, Car_Series, Car_SeriesYear, Car_PriceNew, Car_EngineSize, Car_FuelSystem, Car_TankCapacity, Car_Power, Car_SeatingCapacity, Car_BodyType, Car_Drive, Car_Wheelbase) VALUES (15242, 'MAZDA', '323', 'ASTINA SHADES', 2000, 19715, '1.6L', 'MULTI POINT F/INJ', '55L', '78Kw', 5, '5M', '5D HATCHBACK', 'FWD');
INSERT INTO Car (Car_id, Car_Make_Model, Car_Model, Car_Series, Car_SeriesYear, Car_PriceNew, Car_EngineSize, Car_FuelSystem, Car_TankCapacity, Car_Power, Car_SeatingCapacity, Car_BodyType, Car_Drive, Car_Wheelbase) VALUES (15243, 'MAZDA', '323', 'ASTINA', 1996, 38270, '2.0L', 'MULTI POINT F/INJ', '55L', '104Kw', 5, '5M', '5D HATCHBACK', 'FWD');
INSERT INTO Car (Car_id, Car_Make_Model, Car_Model, Car_Series, Car_SeriesYear, Car_PriceNew, Car_EngineSize, Car_FuelSystem, Car_TankCapacity, Car_Power, Car_SeatingCapacity, Car_BodyType, Car_Drive, Car_Wheelbase) VALUES (15244, 'MAZDA', '323', 'ASTINA', 1998, 28480, '1.8L', 'MULTI POINT F/INJ', '55L', '92Kw', 5, '4A', '5D HATCHBACK', 'FWD');
INSERT INTO Car (Car_id, Car_Make_Model, Car_Model, Car_Series, Car_SeriesYear, Car_PriceNew, Car_EngineSize, Car_FuelSystem, Car_TankCapacity, Car_Power, Car_SeatingCapacity, Car_BodyType, Car_Drive, Car_Wheelbase) VALUES (15245, 'MAZDA', '323', 'SUPER DELUXE', 1989, 20210, '1.6L', 'MULTI POINT F/INJ', '48L', '61Kw', 5, '4A', '5D HATCHBACK', 'FWD');
INSERT INTO Car (Car_id, Car_Make_Model, Car_Model, Car_Series, Car_SeriesYear, Car_PriceNew, Car_EngineSize, Car_FuelSystem, Car_TankCapacity, Car_Power, Car_SeatingCapacity, Car_BodyType, Car_Drive, Car_Wheelbase) VALUES (15246, 'MAZDA', '323', 'PROTEGE', 2003, 21840, '1.8L', 'MULTI POINT F/INJ', '55L', '92Kw', 5, '4A', '4D SEDAN', 'FWD');
INSERT INTO Car (Car_id, Car_Make_Model, Car_Model, Car_Series, Car_SeriesYear, Car_PriceNew, Car_EngineSize, Car_FuelSystem, Car_TankCapacity, Car_Power, Car_SeatingCapacity, Car_BodyType, Car_Drive, Car_Wheelbase) VALUES (15247, 'MAZDA', '323', 'ASTINA', 2003, 21840, '1.8L', 'MULTI POINT F/INJ', '55L', '92Kw', 5, '4A', '5D HATCHBACK', 'FWD');
INSERT INTO Car (Car_id, Car_Make_Model, Car_Model, Car_Series, Car_SeriesYear, Car_PriceNew, Car_EngineSize, Car_FuelSystem, Car_TankCapacity, Car_Power, Car_SeatingCapacity, Car_BodyType, Car_Drive, Car_Wheelbase) VALUES (15248, 'MAZDA', '323', 'SUPER DELUXE', 1988, 19390, '1.6L', 'CARB', '48L', '53Kw', 5, '3A', '5D HATCHBACK', 'FWD');
INSERT INTO Car (Car_id, Car_Make_Model, Car_Model, Car_Series, Car_SeriesYear, Car_PriceNew, Car_EngineSize, Car_FuelSystem, Car_TankCapacity, Car_Power, Car_SeatingCapacity, Car_BodyType, Car_Drive, Car_Wheelbase) VALUES (15249, 'MAZDA', '323', 'ASTINA SHADES', 1998, 26990, '1.8L', 'MULTI POINT F/INJ', '55L', '92Kw', 5, '5M', '5D HATCHBACK', 'FWD');
INSERT INTO Car (Car_id, Car_Make_Model, Car_Model, Car_Series, Car_SeriesYear, Car_PriceNew, Car_EngineSize, Car_FuelSystem, Car_TankCapacity, Car_Power, Car_SeatingCapacity, Car_BodyType, Car_Drive, Car_Wheelbase) VALUES (15250, 'MAZDA', '323', 'ASTINA SP', 1994, 30085, '1.8L', 'MULTI POINT F/INJ', '55L', '92Kw', 5, '5M', '5D HATCHBACK', 'FWD');
INSERT INTO Car (Car_id, Car_Make_Model, Car_Model, Car_Series, Car_SeriesYear, Car_PriceNew, Car_EngineSize, Car_FuelSystem, Car_TankCapacity, Car_Power, Car_SeatingCapacity, Car_BodyType, Car_Drive, Car_Wheelbase) VALUES (15259, 'MAZDA', '323', 'LIMITED', 1985, 15826, '1.6L', 'MULTI POINT F/INJ', '45L', '61Kw', 5, '5M', '5D HATCHBACK', 'FWD');
INSERT INTO Car (Car_id, Car_Make_Model, Car_Model, Car_Series, Car_SeriesYear, Car_PriceNew, Car_EngineSize, Car_FuelSystem, Car_TankCapacity, Car_Power, Car_SeatingCapacity, Car_BodyType, Car_Drive, Car_Wheelbase) VALUES (15260, 'MAZDA', '323', 'ASTINA SP20', 2002, 29180, '2.0L', 'MULTI POINT F/INJ', '55L', '98Kw', 5, '5M', '5D HATCHBACK', 'FWD');
INSERT INTO Car (Car_id, Car_Make_Model, Car_Model, Car_Series, Car_SeriesYear, Car_PriceNew, Car_EngineSize, Car_FuelSystem, Car_TankCapacity, Car_Power, Car_SeatingCapacity, Car_BodyType, Car_Drive, Car_Wheelbase) VALUES (15261, 'MAZDA', '323', 'PROTEGE SHADES', 2002, 20695, '1.6L', 'MULTI POINT F/INJ', '55L', '78Kw', 5, '5M', '4D SEDAN', 'FWD');
INSERT INTO Car (Car_id, Car_Make_Model, Car_Model, Car_Series, Car_SeriesYear, Car_PriceNew, Car_EngineSize, Car_FuelSystem, Car_TankCapacity, Car_Power, Car_SeatingCapacity, Car_BodyType, Car_Drive, Car_Wheelbase) VALUES (15263, 'MAZDA', '323', 'BJ PROTEGE SHADES', 2003, 19990, '1.8L', 'MULTI POINT F/INJ', '55L', '92Kw', 5, '5M', '4D SEDAN', 'FWD');
INSERT INTO Car (Car_id, Car_Make_Model, Car_Model, Car_Series, Car_SeriesYear, Car_PriceNew, Car_EngineSize, Car_FuelSystem, Car_TankCapacity, Car_Power, Car_SeatingCapacity, Car_BodyType, Car_Drive, Car_Wheelbase) VALUES (15264, 'MAZDA', '323', 'PROTEGE SP20', 2002, 26990, '2.0L', 'MULTI POINT F/INJ', '55L', '98Kw', 5, '5M', '4D SEDAN', 'FWD');
INSERT INTO Car (Car_id, Car_Make_Model, Car_Model, Car_Series, Car_SeriesYear, Car_PriceNew, Car_EngineSize, Car_FuelSystem, Car_TankCapacity, Car_Power, Car_SeatingCapacity, Car_BodyType, Car_Drive, Car_Wheelbase) VALUES (15280, 'MITSUBISHI', '380', 'DB', 2005, 35990, '3.8L', 'MULTI POINT F/INJ', '67L', '175Kw', 5, '5ASPM', '4D SEDAN', 'FWD');
INSERT INTO Car (Car_id, Car_Make_Model, Car_Model, Car_Series, Car_SeriesYear, Car_PriceNew, Car_EngineSize, Car_FuelSystem, Car_TankCapacity, Car_Power, Car_SeatingCapacity, Car_BodyType, Car_Drive, Car_Wheelbase) VALUES (15282, 'TOYOTA', '4 RUNNER', 'DELUXE 4x4', 1989, 28200, '2.4L', 'CARB', '65L', '75Kw', 5, '5M4x4', '4D WAGON', '4WD');
INSERT INTO Car (Car_id, Car_Make_Model, Car_Model, Car_Series, Car_SeriesYear, Car_PriceNew, Car_EngineSize, Car_FuelSystem, Car_TankCapacity, Car_Power, Car_SeatingCapacity, Car_BodyType, Car_Drive, Car_Wheelbase) VALUES (15284, 'TOYOTA', '4 RUNNER', 'RV6 4x4', 1992, 36954, '3.0L', 'ELECTRONIC F/INJ', '65L', '105Kw', 5, '4A4x4', '4D WAGON', '4WD');
INSERT INTO Car (Car_id, Car_Make_Model, Car_Model, Car_Series, Car_SeriesYear, Car_PriceNew, Car_EngineSize, Car_FuelSystem, Car_TankCapacity, Car_Power, Car_SeatingCapacity, Car_BodyType, Car_Drive, Car_Wheelbase) VALUES (15297, 'MAZDA', '626', 'CLASSIC', 2000, 31070, '2.0L', 'MULTI POINT F/INJ', '64L', '93Kw', 5, '5M', '5D HATCHBACK', 'FWD');
INSERT INTO Car (Car_id, Car_Make_Model, Car_Model, Car_Series, Car_SeriesYear, Car_PriceNew, Car_EngineSize, Car_FuelSystem, Car_TankCapacity, Car_Power, Car_SeatingCapacity, Car_BodyType, Car_Drive, Car_Wheelbase) VALUES (15300, 'MAZDA', '626', 'ECLIPSE', 2002, 31980, '2.0L', 'MULTI POINT F/INJ', '64L', '93Kw', 5, '4A', '4D SEDAN', 'FWD');
INSERT INTO Car (Car_id, Car_Make_Model, Car_Model, Car_Series, Car_SeriesYear, Car_PriceNew, Car_EngineSize, Car_FuelSystem, Car_TankCapacity, Car_Power, Car_SeatingCapacity, Car_BodyType, Car_Drive, Car_Wheelbase) VALUES (15301, 'MAZDA', '626', 'LUXURY', 1999, 37290, '2.0L', 'MULTI POINT F/INJ', '64L', '93Kw', 5, '4A', '5D HATCHBACK', 'FWD');
INSERT INTO Car (Car_id, Car_Make_Model, Car_Model, Car_Series, Car_SeriesYear, Car_PriceNew, Car_EngineSize, Car_FuelSystem, Car_TankCapacity, Car_Power, Car_SeatingCapacity, Car_BodyType, Car_Drive, Car_Wheelbase) VALUES (15302, 'MAZDA', '626', 'DELUXE', 1994, 31335, '2.0L', 'MULTI POINT F/INJ', '60L', '85Kw', 5, '4A', '4D SEDAN', 'FWD');
INSERT INTO Car (Car_id, Car_Make_Model, Car_Model, Car_Series, Car_SeriesYear, Car_PriceNew, Car_EngineSize, Car_FuelSystem, Car_TankCapacity, Car_Power, Car_SeatingCapacity, Car_BodyType, Car_Drive, Car_Wheelbase) VALUES (15303, 'MAZDA', '626', 'CLASSIC', 1998, 30180, '2.0L', 'MULTI POINT F/INJ', '64L', '93Kw', 5, '5M', '4D SEDAN', 'FWD');
INSERT INTO Car (Car_id, Car_Make_Model, Car_Model, Car_Series, Car_SeriesYear, Car_PriceNew, Car_EngineSize, Car_FuelSystem, Car_TankCapacity, Car_Power, Car_SeatingCapacity, Car_BodyType, Car_Drive, Car_Wheelbase) VALUES (15304, 'MAZDA', '626', 'CLASSIC', 1999, 32430, '2.0L', 'MULTI POINT F/INJ', '64L', '93Kw', 5, '4A', '4D SEDAN', 'FWD');
INSERT INTO Car (Car_id, Car_Make_Model, Car_Model, Car_Series, Car_SeriesYear, Car_PriceNew, Car_EngineSize, Car_FuelSystem, Car_TankCapacity, Car_Power, Car_SeatingCapacity, Car_BodyType, Car_Drive, Car_Wheelbase) VALUES (15305, 'MAZDA', '626', 'CLASSIC', 2001, 32900, '2.0L', 'MULTI POINT F/INJ', '64L', '93Kw', 5, '4A', '5D HATCHBACK', 'FWD');
INSERT INTO Car (Car_id, Car_Make_Model, Car_Model, Car_Series, Car_SeriesYear, Car_PriceNew, Car_EngineSize, Car_FuelSystem, Car_TankCapacity, Car_Power, Car_SeatingCapacity, Car_BodyType, Car_Drive, Car_Wheelbase) VALUES (15306, 'MAZDA', '626', 'LIMITED EDITION', 2000, 30160, '2.0L', 'MULTI POINT F/INJ', '64L', '93Kw', 5, '5M', '4D SEDAN', 'FWD');
INSERT INTO Car (Car_id, Car_Make_Model, Car_Model, Car_Series, Car_SeriesYear, Car_PriceNew, Car_EngineSize, Car_FuelSystem, Car_TankCapacity, Car_Power, Car_SeatingCapacity, Car_BodyType, Car_Drive, Car_Wheelbase) VALUES (15307, 'AUDI', 'A4', 'B6 2.0', 2002, 50650, '2.0L', 'MULTI POINT F/INJ', '70L', '96Kw', 5, 'CVTM', '4D SEDAN', 'FWD');
INSERT INTO Car (Car_id, Car_Make_Model, Car_Model, Car_Series, Car_SeriesYear, Car_PriceNew, Car_EngineSize, Car_FuelSystem, Car_TankCapacity, Car_Power, Car_SeatingCapacity, Car_BodyType, Car_Drive, Car_Wheelbase) VALUES (15308, 'AUDI', 'A3', '8P SPORTBACK 2.0 TDI AMBITION DSG', 2005, 47750, '2.0L', 'DIESEL TURBO F/INJ', '55L', '103Kw', 5, '6ADSG', '5D HATCHBACK', 'FWD');
INSERT INTO Car (Car_id, Car_Make_Model, Car_Model, Car_Series, Car_SeriesYear, Car_PriceNew, Car_EngineSize, Car_FuelSystem, Car_TankCapacity, Car_Power, Car_SeatingCapacity, Car_BodyType, Car_Drive, Car_Wheelbase) VALUES (15309, 'AUDI', '90', 'SPORT', 1990, 42245, '2.3L', 'ELECTRONIC F/INJ', '68L', '100Kw', 5, '5M', '4D SEDAN', 'FWD');
INSERT INTO Car (Car_id, Car_Make_Model, Car_Model, Car_Series, Car_SeriesYear, Car_PriceNew, Car_EngineSize, Car_FuelSystem, Car_TankCapacity, Car_Power, Car_SeatingCapacity, Car_BodyType, Car_Drive, Car_Wheelbase) VALUES (15310, 'AUDI', 'A4', 'B7 2.0', 2007, 50450, '2.0L', 'MULTI POINT F/INJ', '70L', '96Kw', 5, 'CVTM', '4D SEDAN', 'FWD');
INSERT INTO Car (Car_id, Car_Make_Model, Car_Model, Car_Series, Car_SeriesYear, Car_PriceNew, Car_EngineSize, Car_FuelSystem, Car_TankCapacity, Car_Power, Car_SeatingCapacity, Car_BodyType, Car_Drive, Car_Wheelbase) VALUES (15316, 'AUDI', 'TT', 'MY99', 1999, 73000, '1.8L', 'TURBO MPFI', '55L', '132Kw', 4, '5M', '2D COUPE', 'FWD');
INSERT INTO Car (Car_id, Car_Make_Model, Car_Model, Car_Series, Car_SeriesYear, Car_PriceNew, Car_EngineSize, Car_FuelSystem, Car_TankCapacity, Car_Power, Car_SeatingCapacity, Car_BodyType, Car_Drive, Car_Wheelbase) VALUES (15317, 'AUDI', 'A4', '1.8 SE 20V', 1996, 51320, '1.8L', 'MULTI POINT F/INJ', '60L', '92Kw', 5, '4A', '4D SEDAN', 'FWD');
INSERT INTO Car (Car_id, Car_Make_Model, Car_Model, Car_Series, Car_SeriesYear, Car_PriceNew, Car_EngineSize, Car_FuelSystem, Car_TankCapacity, Car_Power, Car_SeatingCapacity, Car_BodyType, Car_Drive, Car_Wheelbase) VALUES (15321, 'AUDI', 'A4', 'B6 2.0 AVANT', 2003, 54250, '2.0L', 'MULTI POINT F/INJ', '70L', '96Kw', 5, 'CVTM6', '4D WAGON', 'FWD');
INSERT INTO Car (Car_id, Car_Make_Model, Car_Model, Car_Series, Car_SeriesYear, Car_PriceNew, Car_EngineSize, Car_FuelSystem, Car_TankCapacity, Car_Power, Car_SeatingCapacity, Car_BodyType, Car_Drive, Car_Wheelbase) VALUES (15322, 'AUDI', 'ALLROAD QUATTRO', 'C5', 2001, 99250, '2.7L', 'TWIN TURBO MPFI', '70L', '184Kw', 5, '5ATip', '4D WAGON', 'AWD');
INSERT INTO Car (Car_id, Car_Make_Model, Car_Model, Car_Series, Car_SeriesYear, Car_PriceNew, Car_EngineSize, Car_FuelSystem, Car_TankCapacity, Car_Power, Car_SeatingCapacity, Car_BodyType, Car_Drive, Car_Wheelbase) VALUES (15323, 'AUDI', 'A3', '1.6', 2003, 35400, '1.6L', 'MULTI POINT F/INJ', '55L', '75Kw', 5, '5M', '5D HATCHBACK', 'FWD');
INSERT INTO Car (Car_id, Car_Make_Model, Car_Model, Car_Series, Car_SeriesYear, Car_PriceNew, Car_EngineSize, Car_FuelSystem, Car_TankCapacity, Car_Power, Car_SeatingCapacity, Car_BodyType, Car_Drive, Car_Wheelbase) VALUES (15324, 'AUDI', 'S3', '1.8', 2000, 65850, '1.8L', 'TURBO MPFI', '62L', '154Kw', 5, '6M', '3D HATCHBACK', 'AWD');
INSERT INTO Car (Car_id, Car_Make_Model, Car_Model, Car_Series, Car_SeriesYear, Car_PriceNew, Car_EngineSize, Car_FuelSystem, Car_TankCapacity, Car_Power, Car_SeatingCapacity, Car_BodyType, Car_Drive, Car_Wheelbase) VALUES (15325, 'AUDI', 'A3', '8P SPORTBACK 2.0 TDI AMBITION DSG', 2006, 47750, '2.0L', 'DIESEL TURBO F/INJ', '55L', '103Kw', 5, '6ADSG', '5D HATCHBACK', 'FWD');
INSERT INTO Car (Car_id, Car_Make_Model, Car_Model, Car_Series, Car_SeriesYear, Car_PriceNew, Car_EngineSize, Car_FuelSystem, Car_TankCapacity, Car_Power, Car_SeatingCapacity, Car_BodyType, Car_Drive, Car_Wheelbase) VALUES (15326, 'AUDI', 'A3', '1.8', 1999, 42450, '1.8L', 'MULTI POINT F/INJ', '55L', '92Kw', 5, '4A', '3D HATCHBACK', 'FWD');
INSERT INTO Car (Car_id, Car_Make_Model, Car_Model, Car_Series, Car_SeriesYear, Car_PriceNew, Car_EngineSize, Car_FuelSystem, Car_TankCapacity, Car_Power, Car_SeatingCapacity, Car_BodyType, Car_Drive, Car_Wheelbase) VALUES (15327, 'AUDI', 'A3', '1.8 TURBO', 2004, 44950, '1.8L', 'TURBO MPFI', '55L', '110Kw', 5, '5M', '5D HATCHBACK', 'FWD');
INSERT INTO Car (Car_id, Car_Make_Model, Car_Model, Car_Series, Car_SeriesYear, Car_PriceNew, Car_EngineSize, Car_FuelSystem, Car_TankCapacity, Car_Power, Car_SeatingCapacity, Car_BodyType, Car_Drive, Car_Wheelbase) VALUES (15328, 'AUDI', 'TT', 'QUATTRO', 2004, 92500, '1.8L', 'TURBO MPFI', '62L', '165Kw', 2, '6M', '2D ROADSTER', 'AWD');
INSERT INTO Car (Car_id, Car_Make_Model, Car_Model, Car_Series, Car_SeriesYear, Car_PriceNew, Car_EngineSize, Car_FuelSystem, Car_TankCapacity, Car_Power, Car_SeatingCapacity, Car_BodyType, Car_Drive, Car_Wheelbase) VALUES (15329, 'AUDI', 'A3', '1.8', 2002, 38700, '1.8L', 'MULTI POINT F/INJ', '55L', '92Kw', 5, '5M', '5D HATCHBACK', 'FWD');
INSERT INTO Car (Car_id, Car_Make_Model, Car_Model, Car_Series, Car_SeriesYear, Car_PriceNew, Car_EngineSize, Car_FuelSystem, Car_TankCapacity, Car_Power, Car_SeatingCapacity, Car_BodyType, Car_Drive, Car_Wheelbase) VALUES (15330, 'AUDI', 'A6', '4B 2.4 V6', 2003, 80900, '2.4L', 'MULTI POINT F/INJ', '70L', '125Kw', 5, 'CVTM6', '4D SEDAN', 'FWD');
INSERT INTO Car (Car_id, Car_Make_Model, Car_Model, Car_Series, Car_SeriesYear, Car_PriceNew, Car_EngineSize, Car_FuelSystem, Car_TankCapacity, Car_Power, Car_SeatingCapacity, Car_BodyType, Car_Drive, Car_Wheelbase) VALUES (15340, 'SAAB', '9-Mar', 'MY07 LINEAR SPORT 1.9TiD SPORTCOMBI', 2007, 53400, '1.9L', 'TURBO MPFI', '58L', '110Kw', 5, '5A', '4D WAGON', 'FWD');
INSERT INTO Car (Car_id, Car_Make_Model, Car_Model, Car_Series, Car_SeriesYear, Car_PriceNew, Car_EngineSize, Car_FuelSystem, Car_TankCapacity, Car_Power, Car_SeatingCapacity, Car_BodyType, Car_Drive, Car_Wheelbase) VALUES (15341, 'SAAB', '9-May', 'SE', 2000, 67986, '2.3L', 'TURBO MPFI', '75L', '125Kw', 5, '4A', '4D SEDAN', 'FWD');
INSERT INTO Car (Car_id, Car_Make_Model, Car_Model, Car_Series, Car_SeriesYear, Car_PriceNew, Car_EngineSize, Car_FuelSystem, Car_TankCapacity, Car_Power, Car_SeatingCapacity, Car_BodyType, Car_Drive, Car_Wheelbase) VALUES (15342, 'SAAB', '9-Mar', 'MY04 ARC 2.0T', 2004, 56400, '2.0L', 'TURBO MPFI', '62L', '129Kw', 5, '5A', '4D SEDAN', 'FWD');
INSERT INTO Car (Car_id, Car_Make_Model, Car_Model, Car_Series, Car_SeriesYear, Car_PriceNew, Car_EngineSize, Car_FuelSystem, Car_TankCapacity, Car_Power, Car_SeatingCapacity, Car_BodyType, Car_Drive, Car_Wheelbase) VALUES (15343, 'SAAB', '9-Mar', 'MY02 AERO', 2002, 64575, '2.0L', 'TURBO MPFI', '68L', '151Kw', 5, '4A', '5D HATCHBACK', 'FWD');
INSERT INTO Car (Car_id, Car_Make_Model, Car_Model, Car_Series, Car_SeriesYear, Car_PriceNew, Car_EngineSize, Car_FuelSystem, Car_TankCapacity, Car_Power, Car_SeatingCapacity, Car_BodyType, Car_Drive, Car_Wheelbase) VALUES (15344, 'SAAB', '9-May', 'MY04 AERO', 2004, 84900, '2.3L', 'TURBO MPFI', '75L', '184Kw', 5, '5AST', '4D SEDAN', 'FWD');
INSERT INTO Car (Car_id, Car_Make_Model, Car_Model, Car_Series, Car_SeriesYear, Car_PriceNew, Car_EngineSize, Car_FuelSystem, Car_TankCapacity, Car_Power, Car_SeatingCapacity, Car_BodyType, Car_Drive, Car_Wheelbase) VALUES (15345, 'SAAB', '900', 'SE 2.5 V6', 1996, 63900, '2.5L', 'MULTI POINT F/INJ', '68L', '125Kw', 5, '4A', '5D HATCHBACK', 'FWD');
INSERT INTO Car (Car_id, Car_Make_Model, Car_Model, Car_Series, Car_SeriesYear, Car_PriceNew, Car_EngineSize, Car_FuelSystem, Car_TankCapacity, Car_Power, Car_SeatingCapacity, Car_BodyType, Car_Drive, Car_Wheelbase) VALUES (15346, 'SAAB', '9-Mar', 'MY03 TURBO 2.0t LTD ED', 2003, 73000, '2.0L', 'TURBO MPFI', '68L', '110Kw', 5, '4A', '2D CONVERTIBLE', 'FWD');
INSERT INTO Car (Car_id, Car_Make_Model, Car_Model, Car_Series, Car_SeriesYear, Car_PriceNew, Car_EngineSize, Car_FuelSystem, Car_TankCapacity, Car_Power, Car_SeatingCapacity, Car_BodyType, Car_Drive, Car_Wheelbase) VALUES (15347, 'SAAB', '9000', 'CS ANNIVERSARY', 1998, 54900, '2.3L', 'TURBO EFI', '66L', '125Kw', 5, '4A', '4D HATCHBACK', 'FWD');
INSERT INTO Car (Car_id, Car_Make_Model, Car_Model, Car_Series, Car_SeriesYear, Car_PriceNew, Car_EngineSize, Car_FuelSystem, Car_TankCapacity, Car_Power, Car_SeatingCapacity, Car_BodyType, Car_Drive, Car_Wheelbase) VALUES (15348, 'SAAB', '900', 'S 2.5 V6', 1994, 45900, '2.5L', 'MULTI POINT F/INJ', '68L', '125Kw', 5, '5M', '5D HATCHBACK', 'FWD');
INSERT INTO Car (Car_id, Car_Make_Model, Car_Model, Car_Series, Car_SeriesYear, Car_PriceNew, Car_EngineSize, Car_FuelSystem, Car_TankCapacity, Car_Power, Car_SeatingCapacity, Car_BodyType, Car_Drive, Car_Wheelbase) VALUES (15349, 'SAAB', '9-May', 'MY01 S', 2001, 64000, '2.3L', 'TURBO MPFI', '75L', '136Kw', 5, '4A', '4D SEDAN', 'FWD');
INSERT INTO Car (Car_id, Car_Make_Model, Car_Model, Car_Series, Car_SeriesYear, Car_PriceNew, Car_EngineSize, Car_FuelSystem, Car_TankCapacity, Car_Power, Car_SeatingCapacity, Car_BodyType, Car_Drive, Car_Wheelbase) VALUES (15350, 'SAAB', '9-Mar', 'MY05 AERO', 2005, 93000, '2.0L', 'TURBO MPFI', '62L', '155Kw', 4, '5ASEN', '2D CONVERTIBLE', 'FWD');
INSERT INTO Car (Car_id, Car_Make_Model, Car_Model, Car_Series, Car_SeriesYear, Car_PriceNew, Car_EngineSize, Car_FuelSystem, Car_TankCapacity, Car_Power, Car_SeatingCapacity, Car_BodyType, Car_Drive, Car_Wheelbase) VALUES (15357, 'SAAB', '9000', 'CSE', 1994, 79200, '2.3L', 'TURBO EFI', '66L', '147Kw', 5, '4A', '4D HATCHBACK', 'FWD');
INSERT INTO Car (Car_id, Car_Make_Model, Car_Model, Car_Series, Car_SeriesYear, Car_PriceNew, Car_EngineSize, Car_FuelSystem, Car_TankCapacity, Car_Power, Car_SeatingCapacity, Car_BodyType, Car_Drive, Car_Wheelbase) VALUES (15360, 'SAAB', '9-Mar', 'AERO', 2000, 80887, '2.0L', 'TURBO MPFI', '64L', '158Kw', 5, '5M', '2D CONVERTIBLE', 'FWD');
INSERT INTO Car (Car_id, Car_Make_Model, Car_Model, Car_Series, Car_SeriesYear, Car_PriceNew, Car_EngineSize, Car_FuelSystem, Car_TankCapacity, Car_Power, Car_SeatingCapacity, Car_BodyType, Car_Drive, Car_Wheelbase) VALUES (15361, 'SAAB', '9-Mar', 'S', 2001, 63885, '2.0L', 'TURBO MPFI', '68L', '113Kw', 4, '5M', '2D CONVERTIBLE', 'FWD');
INSERT INTO Car (Car_id, Car_Make_Model, Car_Model, Car_Series, Car_SeriesYear, Car_PriceNew, Car_EngineSize, Car_FuelSystem, Car_TankCapacity, Car_Power, Car_SeatingCapacity, Car_BodyType, Car_Drive, Car_Wheelbase) VALUES (15362, 'SAAB', '9-Mar', 'MY04 AERO 2.0t', 2004, 67900, '2.0L', 'TURBO MPFI', '62L', '155Kw', 5, '6M', '4D SEDAN', 'FWD');
INSERT INTO Car (Car_id, Car_Make_Model, Car_Model, Car_Series, Car_SeriesYear, Car_PriceNew, Car_EngineSize, Car_FuelSystem, Car_TankCapacity, Car_Power, Car_SeatingCapacity, Car_BodyType, Car_Drive, Car_Wheelbase) VALUES (15363, 'SAAB', '9000', 'CS', 1997, 52000, '2.3L', 'TURBO EFI', '66L', '125Kw', 5, '4A', '4D HATCHBACK', 'FWD');
INSERT INTO Car (Car_id, Car_Make_Model, Car_Model, Car_Series, Car_SeriesYear, Car_PriceNew, Car_EngineSize, Car_FuelSystem, Car_TankCapacity, Car_Power, Car_SeatingCapacity, Car_BodyType, Car_Drive, Car_Wheelbase) VALUES (15364, 'SAAB', '9000', 'CS', 1996, 50400, '2.3L', 'TURBO EFI', '66L', '125Kw', 5, '4A', '4D HATCHBACK', 'FWD');
INSERT INTO Car (Car_id, Car_Make_Model, Car_Model, Car_Series, Car_SeriesYear, Car_PriceNew, Car_EngineSize, Car_FuelSystem, Car_TankCapacity, Car_Power, Car_SeatingCapacity, Car_BodyType, Car_Drive, Car_Wheelbase) VALUES (15365, 'SAAB', '9-Mar', 'S', 2000, 65985, '2.0L', 'TURBO MPFI', '68L', '113Kw', 4, '4A', '2D CONVERTIBLE', 'FWD');
INSERT INTO Car (Car_id, Car_Make_Model, Car_Model, Car_Series, Car_SeriesYear, Car_PriceNew, Car_EngineSize, Car_FuelSystem, Car_TankCapacity, Car_Power, Car_SeatingCapacity, Car_BodyType, Car_Drive, Car_Wheelbase) VALUES (15366, 'SAAB', '9-Mar', 'SE', 1999, 62000, '2.0L', 'TURBO MPFI', '68L', '136Kw', 5, '4A', '5D SEDAN', 'FWD');
INSERT INTO Car (Car_id, Car_Make_Model, Car_Model, Car_Series, Car_SeriesYear, Car_PriceNew, Car_EngineSize, Car_FuelSystem, Car_TankCapacity, Car_Power, Car_SeatingCapacity, Car_BodyType, Car_Drive, Car_Wheelbase) VALUES (15367, 'SAAB', '9000', 'CD 16', 1993, 46990, '2.3L', 'ELECTRONIC F/INJ', '66L', '108Kw', 5, '4A', '4D SEDAN', 'FWD');
INSERT INTO Car (Car_id, Car_Make_Model, Car_Model, Car_Series, Car_SeriesYear, Car_PriceNew, Car_EngineSize, Car_FuelSystem, Car_TankCapacity, Car_Power, Car_SeatingCapacity, Car_BodyType, Car_Drive, Car_Wheelbase) VALUES (15368, 'MAZDA', '929', 'DELUXE', 1987, 23010, '2.0L', 'MULTI POINT F/INJ', '60L', '70Kw', 5, '5M', '4D SEDAN', 'RWD');
INSERT INTO Car (Car_id, Car_Make_Model, Car_Model, Car_Series, Car_SeriesYear, Car_PriceNew, Car_EngineSize, Car_FuelSystem, Car_TankCapacity, Car_Power, Car_SeatingCapacity, Car_BodyType, Car_Drive, Car_Wheelbase) VALUES (15369, 'MAZDA', '929', 'LUXURY', 1986, 29600, '2.0L', 'MULTI POINT F/INJ', '60L', '70Kw', 5, '4A', '2D HARDTOP', 'RWD');
INSERT INTO Car (Car_id, Car_Make_Model, Car_Model, Car_Series, Car_SeriesYear, Car_PriceNew, Car_EngineSize, Car_FuelSystem, Car_TankCapacity, Car_Power, Car_SeatingCapacity, Car_BodyType, Car_Drive, Car_Wheelbase) VALUES (15400, 'HONDA', 'ACCORD', '40 VTi', 2005, 29990, '2.4L', 'MULTI POINT F/INJ', '65L', '118Kw', 5, '5A', '4D SEDAN', 'FWD');

-- Table: Customers
DROP TABLE IF EXISTS Customers;
CREATE TABLE Customers (Customer_ID INTEGER NOT NULL PRIMARY KEY, Customer_Name VARCHAR, Customer_Phone INT, Customer_Address VARCHAR, Customer_birthday DATE, Customer_occupation VARCHAR, Customer_Gender VARCHAR);
INSERT INTO Customers (Customer_ID, Customer_Name, Customer_Phone, Customer_Address, Customer_birthday, Customer_occupation, Customer_Gender) VALUES (11010, 'Jacquelyn S', '1 (11) 543 535-016*', '800 Corrinne Court', '16/02/1968', 'Labour', 'M  ');
INSERT INTO Customers (Customer_ID, Customer_Name, Customer_Phone, Customer_Address, Customer_birthday, Customer_occupation, Customer_Gender) VALUES (11011, 'Curtis L', '1 (11) 543 535-011*', '224 Shoenic', '14/11/1967', 'Labour', 'M  ');
INSERT INTO Customers (Customer_ID, Customer_Name, Customer_Phone, Customer_Address, Customer_birthday, Customer_occupation, Customer_Gender) VALUES (11012, 'Lauren W', '717-535-016*', '785 Scott Street', '07/01/1972', 'Labour', 'F  ');
INSERT INTO Customers (Customer_ID, Customer_Name, Customer_Phone, Customer_Address, Customer_birthday, Customer_occupation, Customer_Gender) VALUES (11013, 'Ian J', '817-535-018*', '902 Hudson Ave.', '16/08/1972', 'Labour', 'M  ');
INSERT INTO Customers (Customer_ID, Customer_Name, Customer_Phone, Customer_Address, Customer_birthday, Customer_occupation, Customer_Gender) VALUES (11014, 'Sydney B', '431-535-015*', '7011 Tank Drive', '08/05/1972', 'Labour', 'M  ');
INSERT INTO Customers (Customer_ID, Customer_Name, Customer_Phone, Customer_Address, Customer_birthday, Customer_occupation, Customer_Gender) VALUES (11015, 'Chloe Y', '208-535-014*', '44 Willow Pass Road', '27/02/1983', 'Labour', 'F  ');
INSERT INTO Customers (Customer_ID, Customer_Name, Customer_Phone, Customer_Address, Customer_birthday, Customer_occupation, Customer_Gender) VALUES (11016, 'Wyatt H', '135-535-017*', '666 Northridge Ct.', '07/04/1983', 'Labour', 'M  ');
INSERT INTO Customers (Customer_ID, Customer_Name, Customer_Phone, Customer_Address, Customer_birthday, Customer_occupation, Customer_Gender) VALUES (11017, 'Shannon W', '1 (11) 543 535-019*', '330 Saddlehill Lane', '26/06/1948', 'Labour', 'M  ');
INSERT INTO Customers (Customer_ID, Customer_Name, Customer_Phone, Customer_Address, Customer_birthday, Customer_occupation, Customer_Gender) VALUES (11018, 'Clarence R', '1 (11) 543 535-013*', '44 Rivewview', '19/10/1948', 'Labour', 'F  ');
INSERT INTO Customers (Customer_ID, Customer_Name, Customer_Phone, Customer_Address, Customer_birthday, Customer_occupation, Customer_Gender) VALUES (11019, 'Luke L', '262-535-011*', '832 Landing Dr', '17/03/1982', 'Labour', 'M  ');
INSERT INTO Customers (Customer_ID, Customer_Name, Customer_Phone, Customer_Address, Customer_birthday, Customer_occupation, Customer_Gender) VALUES (11050, 'Alan Z', '1 (11) 543 535-013*', '741 Gainborough Dr.', '17/09/1955', 'Labour', 'F  ');
INSERT INTO Customers (Customer_ID, Customer_Name, Customer_Phone, Customer_Address, Customer_birthday, Customer_occupation, Customer_Gender) VALUES (11051, 'Daniel J', '1 (11) 543 535-015*', '85 Sunnyvale Avenue', '14/08/1955', 'Labour', 'F  ');
INSERT INTO Customers (Customer_ID, Customer_Name, Customer_Phone, Customer_Address, Customer_birthday, Customer_occupation, Customer_Gender) VALUES (11052, 'Heidi L', '1 (11) 543 535-016*', '514 Via Cordona', '17/08/1955', 'Labour', 'F  ');
INSERT INTO Customers (Customer_ID, Customer_Name, Customer_Phone, Customer_Address, Customer_birthday, Customer_occupation, Customer_Gender) VALUES (11053, 'Ana P', '859-535-011*', '660 Stonyhill Circle', '20/08/1984', 'Labour', 'M  ');
INSERT INTO Customers (Customer_ID, Customer_Name, Customer_Phone, Customer_Address, Customer_birthday, Customer_occupation, Customer_Gender) VALUES (11054, 'Deanna M', '1 (11) 543 535-019*', '825 B Way', '20/03/1956', 'Labour', 'M  ');
INSERT INTO Customers (Customer_ID, Customer_Name, Customer_Phone, Customer_Address, Customer_birthday, Customer_occupation, Customer_Gender) VALUES (11055, 'Gilbert R', '1 (11) 543 535-012*', '811 The Trees Dr.', '15/03/1956', 'Labour', 'F  ');
INSERT INTO Customers (Customer_ID, Customer_Name, Customer_Phone, Customer_Address, Customer_birthday, Customer_occupation, Customer_Gender) VALUES (11056, 'Michele N', '1 (11) 543 535-017*', '464 Janin Pl.', '13/04/1957', 'Labour', 'M  ');
INSERT INTO Customers (Customer_ID, Customer_Name, Customer_Phone, Customer_Address, Customer_birthday, Customer_occupation, Customer_Gender) VALUES (11057, 'Carl A', '1 (11) 543 535-018*', '930 Lake Nadine Place', '22/10/1957', 'Labour', 'F  ');
INSERT INTO Customers (Customer_ID, Customer_Name, Customer_Phone, Customer_Address, Customer_birthday, Customer_occupation, Customer_Gender) VALUES (11058, 'Marc D', '1 (11) 543 535-014*', '645 Sinaloa', '27/04/1958', 'Labour', 'F  ');
INSERT INTO Customers (Customer_ID, Customer_Name, Customer_Phone, Customer_Address, Customer_birthday, Customer_occupation, Customer_Gender) VALUES (11059, 'Ashlee A', '1 (11) 543 535-011*', '255 Highland Road', '11/04/1958', 'Labour', 'F  ');
INSERT INTO Customers (Customer_ID, Customer_Name, Customer_Phone, Customer_Address, Customer_birthday, Customer_occupation, Customer_Gender) VALUES (11111, 'Meredith G', '1 (11) 543 535-017*', '610 Northridge Ct.', '23/02/1966', 'Labour', 'M  ');
INSERT INTO Customers (Customer_ID, Customer_Name, Customer_Phone, Customer_Address, Customer_birthday, Customer_occupation, Customer_Gender) VALUES (11112, 'Crystal W', '1 (11) 543 535-013*', '773 Kirkwood Dr', '19/09/1966', 'Labour', 'F  ');
INSERT INTO Customers (Customer_ID, Customer_Name, Customer_Phone, Customer_Address, Customer_birthday, Customer_occupation, Customer_Gender) VALUES (11113, 'Micheal B', '1 (11) 543 535-013*', '96 Marfargoa Drive', '21/02/1966', 'Labour', 'M  ');
INSERT INTO Customers (Customer_ID, Customer_Name, Customer_Phone, Customer_Address, Customer_birthday, Customer_occupation, Customer_Gender) VALUES (11114, 'Leslie M', '1 (11) 543 535-011*', '941 Cristobal', '07/05/1966', 'Labour', 'M  ');
INSERT INTO Customers (Customer_ID, Customer_Name, Customer_Phone, Customer_Address, Customer_birthday, Customer_occupation, Customer_Gender) VALUES (11115, 'Alvin C', '1 (11) 543 535-019*', '759 Azalea Avenue', '22/02/1966', 'Labour', 'M  ');
INSERT INTO Customers (Customer_ID, Customer_Name, Customer_Phone, Customer_Address, Customer_birthday, Customer_occupation, Customer_Gender) VALUES (11116, 'Clinton C', '1 (11) 543 535-018*', '943 Cunha Ct.', '17/10/1966', 'Labour', 'M  ');
INSERT INTO Customers (Customer_ID, Customer_Name, Customer_Phone, Customer_Address, Customer_birthday, Customer_occupation, Customer_Gender) VALUES (11117, 'April D', '1 (11) 543 535-018*', '85 Ash Lane', '21/02/1965', 'Labour', 'F  ');
INSERT INTO Customers (Customer_ID, Customer_Name, Customer_Phone, Customer_Address, Customer_birthday, Customer_occupation, Customer_Gender) VALUES (11119, 'Evan J', '1 (11) 543 535-018*', '157 Sierra Ridge', '20/04/1939', 'Retiree', 'F  ');
INSERT INTO Customers (Customer_ID, Customer_Name, Customer_Phone, Customer_Address, Customer_birthday, Customer_occupation, Customer_Gender) VALUES (11150, 'Russell S', '1 (11) 543 535-019*', '755 Easley Drive', '25/03/1945', 'Retiree', 'F  ');
INSERT INTO Customers (Customer_ID, Customer_Name, Customer_Phone, Customer_Address, Customer_birthday, Customer_occupation, Customer_Gender) VALUES (11151, 'Melinda G', '1 (11) 543 535-011*', '05 Rainier Dr.', '25/02/1946', 'Labour', 'F  ');
INSERT INTO Customers (Customer_ID, Customer_Name, Customer_Phone, Customer_Address, Customer_birthday, Customer_occupation, Customer_Gender) VALUES (11152, 'James W', '355-535-015*', '827 Seagull Court', '20/01/1980', 'Labour', 'F  ');
INSERT INTO Customers (Customer_ID, Customer_Name, Customer_Phone, Customer_Address, Customer_birthday, Customer_occupation, Customer_Gender) VALUES (11153, 'Angela J', '847-535-011*', '877 Weatherly Drive', '23/06/1980', 'Labour', 'F  ');
INSERT INTO Customers (Customer_ID, Customer_Name, Customer_Phone, Customer_Address, Customer_birthday, Customer_occupation, Customer_Gender) VALUES (11154, 'Megan W', '918-535-018*', '898 Holiday Hills', '21/08/1980', 'Labour', 'F  ');
INSERT INTO Customers (Customer_ID, Customer_Name, Customer_Phone, Customer_Address, Customer_birthday, Customer_occupation, Customer_Gender) VALUES (11155, 'Hunter R', '891-535-012*', '356 Mori Court', '26/01/1980', 'Labour', 'F  ');
INSERT INTO Customers (Customer_ID, Customer_Name, Customer_Phone, Customer_Address, Customer_birthday, Customer_occupation, Customer_Gender) VALUES (11156, 'Maria R', '158-535-019*', '452 Mariposa Ct.', '17/02/1980', 'Labour', 'M  ');
INSERT INTO Customers (Customer_ID, Customer_Name, Customer_Phone, Customer_Address, Customer_birthday, Customer_occupation, Customer_Gender) VALUES (11157, 'Hannah L', '974-535-017*', '832 Preston Ct.', '21/06/1979', 'Labour', 'M  ');
INSERT INTO Customers (Customer_ID, Customer_Name, Customer_Phone, Customer_Address, Customer_birthday, Customer_occupation, Customer_Gender) VALUES (11158, 'Jason W', '694-535-017*', '771 Bundros Court', '18/10/1979', 'Labour', 'F  ');
INSERT INTO Customers (Customer_ID, Customer_Name, Customer_Phone, Customer_Address, Customer_birthday, Customer_occupation, Customer_Gender) VALUES (11159, 'Brianna H', '319-535-018*', '793 Bonifacio St.', '27/09/1979', 'Labour', 'F  ');
INSERT INTO Customers (Customer_ID, Customer_Name, Customer_Phone, Customer_Address, Customer_birthday, Customer_occupation, Customer_Gender) VALUES (11210, 'Edward W', '229-535-011*', '039 Adelaide St.', '18/06/1952', 'Researcher', 'M  ');
INSERT INTO Customers (Customer_ID, Customer_Name, Customer_Phone, Customer_Address, Customer_birthday, Customer_occupation, Customer_Gender) VALUES (11213, 'Stephanie M', '293-535-015*', '514 Grant Street', '24/05/1953', 'Researcher', 'M  ');
INSERT INTO Customers (Customer_ID, Customer_Name, Customer_Phone, Customer_Address, Customer_birthday, Customer_occupation, Customer_Gender) VALUES (11214, 'Charles M', '389-535-011*', '719 Little Dr', '17/11/1953', 'Researcher', 'F  ');
INSERT INTO Customers (Customer_ID, Customer_Name, Customer_Phone, Customer_Address, Customer_birthday, Customer_occupation, Customer_Gender) VALUES (11215, 'Ana P', '446-535-013*', '114 Arlington Way', '21/06/1954', 'Researcher', 'M  ');
INSERT INTO Customers (Customer_ID, Customer_Name, Customer_Phone, Customer_Address, Customer_birthday, Customer_occupation, Customer_Gender) VALUES (11216, 'Jasmine T', '939-535-013*', '328 San Francisco', '20/05/1954', 'Researcher', 'F  ');
INSERT INTO Customers (Customer_ID, Customer_Name, Customer_Phone, Customer_Address, Customer_birthday, Customer_occupation, Customer_Gender) VALUES (11217, 'Natalie A', '300-535-015*', '592 Bent Tree Lane', '21/02/1954', 'Researcher', 'F  ');
INSERT INTO Customers (Customer_ID, Customer_Name, Customer_Phone, Customer_Address, Customer_birthday, Customer_occupation, Customer_Gender) VALUES (11218, 'Olivia B', '414-535-014*', '964 Stony Hill Circle', '21/09/1954', 'Researcher', 'M  ');
INSERT INTO Customers (Customer_ID, Customer_Name, Customer_Phone, Customer_Address, Customer_birthday, Customer_occupation, Customer_Gender) VALUES (11219, 'Charles C', '755-535-011*', '871 Bel Air Dr.', '12/12/1954', 'Researcher', 'F  ');
INSERT INTO Customers (Customer_ID, Customer_Name, Customer_Phone, Customer_Address, Customer_birthday, Customer_occupation, Customer_Gender) VALUES (11250, 'Shannon L', '1 (11) 543 535-011*', '185 Keywood Ct.', '22/03/1959', 'Manager', 'F  ');
INSERT INTO Customers (Customer_ID, Customer_Name, Customer_Phone, Customer_Address, Customer_birthday, Customer_occupation, Customer_Gender) VALUES (11251, 'Xavier L', '243-535-011*', '245 Dantley Way', '14/07/1936', 'Retiree', 'M  ');
INSERT INTO Customers (Customer_ID, Customer_Name, Customer_Phone, Customer_Address, Customer_birthday, Customer_occupation, Customer_Gender) VALUES (11252, 'Nicholas T', '377-535-014*', '04 O St.', '17/06/1936', 'Retiree', 'M  ');
INSERT INTO Customers (Customer_ID, Customer_Name, Customer_Phone, Customer_Address, Customer_birthday, Customer_occupation, Customer_Gender) VALUES (11253, 'Jos H', '712-535-013*', '703 Donald Dr.', '07/02/1937', 'Retiree', 'M  ');
INSERT INTO Customers (Customer_ID, Customer_Name, Customer_Phone, Customer_Address, Customer_birthday, Customer_occupation, Customer_Gender) VALUES (11254, 'Johnathan V', '494-535-016*', '430 Versailles Pl', '13/03/1937', 'Retiree', 'M  ');
INSERT INTO Customers (Customer_ID, Customer_Name, Customer_Phone, Customer_Address, Customer_birthday, Customer_occupation, Customer_Gender) VALUES (11255, 'Colin L', '599-535-013*', '083 San Jose', '14/04/1937', 'Retiree', 'F  ');
INSERT INTO Customers (Customer_ID, Customer_Name, Customer_Phone, Customer_Address, Customer_birthday, Customer_occupation, Customer_Gender) VALUES (11256, 'Katelyn H', '249-535-011*', '496 Deerfield Dr.', '20/09/1937', 'Retiree', 'M  ');
INSERT INTO Customers (Customer_ID, Customer_Name, Customer_Phone, Customer_Address, Customer_birthday, Customer_occupation, Customer_Gender) VALUES (11257, 'Jacqueline P', '796-535-011*', '076 Northwood Dr', '16/01/1937', 'Retiree', 'F  ');
INSERT INTO Customers (Customer_ID, Customer_Name, Customer_Phone, Customer_Address, Customer_birthday, Customer_occupation, Customer_Gender) VALUES (11258, 'Xavier H', '559-535-014*', '707 Virgil Street', '07/06/1937', 'Retiree', 'F  ');
INSERT INTO Customers (Customer_ID, Customer_Name, Customer_Phone, Customer_Address, Customer_birthday, Customer_occupation, Customer_Gender) VALUES (11259, 'Victoria S', '230-535-013*', '623 Barquentine Court', '27/03/1969', 'Manager', 'M  ');
INSERT INTO Customers (Customer_ID, Customer_Name, Customer_Phone, Customer_Address, Customer_birthday, Customer_occupation, Customer_Gender) VALUES (11310, 'Erin S', '233-535-016*', '541 Black Point Pl', '19/07/1957', 'Manager', 'M  ');
INSERT INTO Customers (Customer_ID, Customer_Name, Customer_Phone, Customer_Address, Customer_birthday, Customer_occupation, Customer_Gender) VALUES (11311, 'Gabrielle L', '783-535-017*', '619 Parkside Dr.', '24/08/1957', 'Manager', 'F  ');
INSERT INTO Customers (Customer_ID, Customer_Name, Customer_Phone, Customer_Address, Customer_birthday, Customer_occupation, Customer_Gender) VALUES (11312, 'Sara R', '296-535-017*', '375 Kipling Court', '13/04/1957', 'Manager', 'M  ');
INSERT INTO Customers (Customer_ID, Customer_Name, Customer_Phone, Customer_Address, Customer_birthday, Customer_occupation, Customer_Gender) VALUES (11313, 'Trevor J', '120-535-012*', '697 Yosemite Dr.', '27/02/1957', 'Manager', 'F  ');
INSERT INTO Customers (Customer_ID, Customer_Name, Customer_Phone, Customer_Address, Customer_birthday, Customer_occupation, Customer_Gender) VALUES (11314, 'Mya F', '522-535-014*', '439 Rio Grande Drive', '21/12/1957', 'Manager', 'F  ');
INSERT INTO Customers (Customer_ID, Customer_Name, Customer_Phone, Customer_Address, Customer_birthday, Customer_occupation, Customer_Gender) VALUES (11315, 'Hailey W', '767-535-015*', '321 Maya', '11/10/1957', 'Manager', 'F  ');
INSERT INTO Customers (Customer_ID, Customer_Name, Customer_Phone, Customer_Address, Customer_birthday, Customer_occupation, Customer_Gender) VALUES (11316, 'Luke A', '786-535-013*', '19 Deermeadow Way', '27/11/1957', 'Manager', 'F  ');
INSERT INTO Customers (Customer_ID, Customer_Name, Customer_Phone, Customer_Address, Customer_birthday, Customer_occupation, Customer_Gender) VALUES (11317, 'Victoria R', '663-535-019*', '268 Keller Ridge', '27/09/1956', 'Manager', 'M  ');
INSERT INTO Customers (Customer_ID, Customer_Name, Customer_Phone, Customer_Address, Customer_birthday, Customer_occupation, Customer_Gender) VALUES (11318, 'Jessica W', '702-535-018*', '652 Willcrest Circle', '26/10/1956', 'Manager', 'M  ');
INSERT INTO Customers (Customer_ID, Customer_Name, Customer_Phone, Customer_Address, Customer_birthday, Customer_occupation, Customer_Gender) VALUES (11319, 'Jade B', '819-535-016*', '119 Northridge Ct', '27/04/1941', 'Retiree', 'F  ');
INSERT INTO Customers (Customer_ID, Customer_Name, Customer_Phone, Customer_Address, Customer_birthday, Customer_occupation, Customer_Gender) VALUES (11350, 'Cara Z', '1 (11) 543 535-011*', '280 Greendell Pl', '24/01/1941', 'Retiree', 'M  ');
INSERT INTO Customers (Customer_ID, Customer_Name, Customer_Phone, Customer_Address, Customer_birthday, Customer_occupation, Customer_Gender) VALUES (11351, 'Anne R', '1 (11) 543 535-014*', '113 Eastgate Ave.', '16/04/1943', 'Retiree', 'M  ');
INSERT INTO Customers (Customer_ID, Customer_Name, Customer_Phone, Customer_Address, Customer_birthday, Customer_occupation, Customer_Gender) VALUES (11352, 'Raymond R', '1 (11) 543 535-013*', '4, impasse Ste-Madeleine', '17/03/1944', 'Retiree', 'F  ');
INSERT INTO Customers (Customer_ID, Customer_Name, Customer_Phone, Customer_Address, Customer_birthday, Customer_occupation, Customer_Gender) VALUES (11353, 'Carrie O', '1 (11) 543 535-011*', '883 Cowell Rd.', '21/06/1945', 'Retiree', 'M  ');
INSERT INTO Customers (Customer_ID, Customer_Name, Customer_Phone, Customer_Address, Customer_birthday, Customer_occupation, Customer_Gender) VALUES (11354, 'Deanna S', '1 (11) 543 535-014*', 'MEAN', '23/02/1946', 'Manager', 'M  ');
INSERT INTO Customers (Customer_ID, Customer_Name, Customer_Phone, Customer_Address, Customer_birthday, Customer_occupation, Customer_Gender) VALUES (11355, 'Roberto G', '1 (11) 543 535-012*', '545 Chickpea Ct.', '07/12/1946', 'Manager', 'M  ');
INSERT INTO Customers (Customer_ID, Customer_Name, Customer_Phone, Customer_Address, Customer_birthday, Customer_occupation, Customer_Gender) VALUES (11356, 'Terrence C', '1 (11) 543 535-018*', '613 Thornhill Place', '27/05/1984', 'Manager', 'F  ');
INSERT INTO Customers (Customer_ID, Customer_Name, Customer_Phone, Customer_Address, Customer_birthday, Customer_occupation, Customer_Gender) VALUES (11357, 'Ramon Y', '1 (11) 543 535-014*', '245 Vista Oak Dr.', '23/03/1983', 'Manager', 'M  ');
INSERT INTO Customers (Customer_ID, Customer_Name, Customer_Phone, Customer_Address, Customer_birthday, Customer_occupation, Customer_Gender) VALUES (11358, 'Cynthia M', '1 (11) 543 535-018*', '757 Pamplona Ct.', '21/11/1982', 'Manager', 'F  ');
INSERT INTO Customers (Customer_ID, Customer_Name, Customer_Phone, Customer_Address, Customer_birthday, Customer_occupation, Customer_Gender) VALUES (11359, 'Jarrod P', '1 (11) 543 535-015*', '657 H St.', '14/09/1982', 'Manager', 'M  ');
INSERT INTO Customers (Customer_ID, Customer_Name, Customer_Phone, Customer_Address, Customer_birthday, Customer_occupation, Customer_Gender) VALUES (11410, 'Maurice G', '1 (11) 543 535-017*', '5, avenue de la Gare', '25/08/1972', 'Manager', 'M  ');
INSERT INTO Customers (Customer_ID, Customer_Name, Customer_Phone, Customer_Address, Customer_birthday, Customer_occupation, Customer_Gender) VALUES (11411, 'Devin R', '1 (11) 543 535-017*', 'MEAN', '22/02/1958', 'Manager', 'M  ');
INSERT INTO Customers (Customer_ID, Customer_Name, Customer_Phone, Customer_Address, Customer_birthday, Customer_occupation, Customer_Gender) VALUES (11412, 'Sydney B', '1 (11) 543 535-015*', 'MEAN', '19/04/1958', 'Manager', 'M  ');
INSERT INTO Customers (Customer_ID, Customer_Name, Customer_Phone, Customer_Address, Customer_birthday, Customer_occupation, Customer_Gender) VALUES (11413, 'Megan S', '1 (11) 543 535-011*', '192 Seagull Court', '25/04/1958', 'Manager', 'F  ');
INSERT INTO Customers (Customer_ID, Customer_Name, Customer_Phone, Customer_Address, Customer_birthday, Customer_occupation, Customer_Gender) VALUES (11414, 'Ian R', '1 (11) 543 535-011*', '26 W. Buchanan Rd.', '07/03/1958', 'Manager', 'M  ');
INSERT INTO Customers (Customer_ID, Customer_Name, Customer_Phone, Customer_Address, Customer_birthday, Customer_occupation, Customer_Gender) VALUES (11415, 'Randy S', '1 (11) 543 535-014*', 'MEAN', '15/06/1948', 'Manager', 'M  ');
INSERT INTO Customers (Customer_ID, Customer_Name, Customer_Phone, Customer_Address, Customer_birthday, Customer_occupation, Customer_Gender) VALUES (11416, 'Katrina B', '1 (11) 543 535-015*', 'MEAN', '29/03/1949', 'Manager', 'F  ');
INSERT INTO Customers (Customer_ID, Customer_Name, Customer_Phone, Customer_Address, Customer_birthday, Customer_occupation, Customer_Gender) VALUES (11417, 'Lacey Z', '1 (11) 543 535-017*', 'MEAN', '26/02/1949', 'Manager', 'F  ');
INSERT INTO Customers (Customer_ID, Customer_Name, Customer_Phone, Customer_Address, Customer_birthday, Customer_occupation, Customer_Gender) VALUES (11418, 'Rafael H', '1 (11) 543 535-015*', 'MEAN', '19/02/1949', 'Manager', 'M  ');
INSERT INTO Customers (Customer_ID, Customer_Name, Customer_Phone, Customer_Address, Customer_birthday, Customer_occupation, Customer_Gender) VALUES (11419, 'Kyle S', '1 (11) 543 535-017*', '381 Alpine Rd.', '07/02/1949', 'Manager', 'M  ');
INSERT INTO Customers (Customer_ID, Customer_Name, Customer_Phone, Customer_Address, Customer_birthday, Customer_occupation, Customer_Gender) VALUES (11459, 'Tasha D', '1 (11) 543 535-017*', '627 Kendall Rd', '23/10/1976', 'Nurse', 'M  ');
INSERT INTO Customers (Customer_ID, Customer_Name, Customer_Phone, Customer_Address, Customer_birthday, Customer_occupation, Customer_Gender) VALUES (11510, 'Seth R', '199-535-014*', '989 Concord Ave', '23/07/1957', 'Nurse', 'M  ');
INSERT INTO Customers (Customer_ID, Customer_Name, Customer_Phone, Customer_Address, Customer_birthday, Customer_occupation, Customer_Gender) VALUES (11511, 'Caleb P', '786-535-013*', '324 Cherry Street', '24/06/1957', 'Nurse', 'F  ');
INSERT INTO Customers (Customer_ID, Customer_Name, Customer_Phone, Customer_Address, Customer_birthday, Customer_occupation, Customer_Gender) VALUES (11512, 'Natalie C', '178-535-014*', '481 Broadmoor Drive', '23/08/1958', 'Nurse', 'M  ');
INSERT INTO Customers (Customer_ID, Customer_Name, Customer_Phone, Customer_Address, Customer_birthday, Customer_occupation, Customer_Gender) VALUES (11513, 'Alyssa H', '805-535-018*', '780 Conifer Terrace', '27/09/1958', 'Nurse', 'M  ');
INSERT INTO Customers (Customer_ID, Customer_Name, Customer_Phone, Customer_Address, Customer_birthday, Customer_occupation, Customer_Gender) VALUES (11514, 'Dalton D', '994-535-015*', '033 Danesta Dr.', '20/04/1958', 'Nurse', 'F  ');
INSERT INTO Customers (Customer_ID, Customer_Name, Customer_Phone, Customer_Address, Customer_birthday, Customer_occupation, Customer_Gender) VALUES (11515, 'Shannon H', '458-535-011*', '679 Duke Way', '25/02/1958', 'Nurse', 'F  ');
INSERT INTO Customers (Customer_ID, Customer_Name, Customer_Phone, Customer_Address, Customer_birthday, Customer_occupation, Customer_Gender) VALUES (11516, 'Mya G', '211-535-011*', '826 Fine Drive', '21/10/1958', 'Nurse', 'F  ');
INSERT INTO Customers (Customer_ID, Customer_Name, Customer_Phone, Customer_Address, Customer_birthday, Customer_occupation, Customer_Gender) VALUES (11517, 'Katherine B', '802-535-013*', '761 Dancing Court', '20/06/1958', 'Nurse', 'F  ');
INSERT INTO Customers (Customer_ID, Customer_Name, Customer_Phone, Customer_Address, Customer_birthday, Customer_occupation, Customer_Gender) VALUES (11518, 'Edward W', '446-535-017*', '747 Carmel Dr.', '20/05/1959', 'Nurse', 'F  ');
INSERT INTO Customers (Customer_ID, Customer_Name, Customer_Phone, Customer_Address, Customer_birthday, Customer_occupation, Customer_Gender) VALUES (11519, 'Jerome N', '934-535-019*', '537 Ridgewood Drive', '27/03/1959', 'Nurse', 'M  ');
INSERT INTO Customers (Customer_ID, Customer_Name, Customer_Phone, Customer_Address, Customer_birthday, Customer_occupation, Customer_Gender) VALUES (11535, 'Alexandria H', '1 (11) 543 535-018*', '1, rue de la Cavalerie', '18/07/1930', 'Retiree', 'M  ');
INSERT INTO Customers (Customer_ID, Customer_Name, Customer_Phone, Customer_Address, Customer_birthday, Customer_occupation, Customer_Gender) VALUES (11550, 'Deb T', '1 (11) 543 535-012*', '553 Harness Circle', '18/08/1972', 'Nurse', 'M  ');
INSERT INTO Customers (Customer_ID, Customer_Name, Customer_Phone, Customer_Address, Customer_birthday, Customer_occupation, Customer_Gender) VALUES (11551, 'Shannon A', '1 (11) 543 535-015*', '68, avenue de l?Europe', '25/05/1971', 'Nurse', 'F  ');
INSERT INTO Customers (Customer_ID, Customer_Name, Customer_Phone, Customer_Address, Customer_birthday, Customer_occupation, Customer_Gender) VALUES (11552, 'Eddie R', '1 (11) 543 535-015*', 'MEAN', '27/05/1971', 'Nurse', 'M  ');
INSERT INTO Customers (Customer_ID, Customer_Name, Customer_Phone, Customer_Address, Customer_birthday, Customer_occupation, Customer_Gender) VALUES (11553, 'Sharon L', '1 (11) 543 535-011*', '804 Coldwater Drive', '19/09/1971', 'Nurse', 'F  ');
INSERT INTO Customers (Customer_ID, Customer_Name, Customer_Phone, Customer_Address, Customer_birthday, Customer_occupation, Customer_Gender) VALUES (11554, 'Sydney S', '1 (11) 543 535-019*', 'MEAN', '07/09/1930', 'Retiree', 'F  ');
INSERT INTO Customers (Customer_ID, Customer_Name, Customer_Phone, Customer_Address, Customer_birthday, Customer_occupation, Customer_Gender) VALUES (11556, 'Lucas E', '1 (11) 543 535-015*', '663 A St.', '24/05/1971', 'Nurse', 'M  ');
INSERT INTO Customers (Customer_ID, Customer_Name, Customer_Phone, Customer_Address, Customer_birthday, Customer_occupation, Customer_Gender) VALUES (11557, 'Felicia R', '1 (11) 543 535-019*', '557 Steven Circle', '25/01/1971', 'Nurse', 'M  ');
INSERT INTO Customers (Customer_ID, Customer_Name, Customer_Phone, Customer_Address, Customer_birthday, Customer_occupation, Customer_Gender) VALUES (11558, 'Ivan M', '1 (11) 543 535-019*', '086 Nottingham Place', '22/08/1971', 'Nurse', 'M  ');
INSERT INTO Customers (Customer_ID, Customer_Name, Customer_Phone, Customer_Address, Customer_birthday, Customer_occupation, Customer_Gender) VALUES (11559, 'Frederick S', '1 (11) 543 535-011*', 'MEAN', '26/12/1971', 'Nurse', 'M  ');

-- Table: Orders
DROP TABLE IF EXISTS Orders;
CREATE TABLE Orders (Order_id NUMERIC PRIMARY KEY, Order_CreateDate DATE, Order_pickupDate DATE, Order_pickupStore INTEGER REFERENCES Store (Store_id), Order_Return_Date DATE, Order_ReturnStore VARCHAR REFERENCES Store (Store_id), Customer_id INTEGER REFERENCES Customers (Customer_ID), Car_id INTEGER REFERENCES Car (Car_id));
INSERT INTO Orders (Order_id, Order_CreateDate, Order_pickupDate, Order_pickupStore, Order_Return_Date, Order_ReturnStore, Customer_id, Car_id) VALUES ('Order_ID', 'Order_CreateDate', 'Order_PickupDate', 'Order_PickupStore', 'Order_ReturnDate', 'Order_ReturnStore', 'Customer_ID', 'Car_id');
INSERT INTO Orders (Order_id, Order_CreateDate, Order_pickupDate, Order_pickupStore, Order_Return_Date, Order_ReturnStore, Customer_id, Car_id) VALUES (3, 20050703, 20050703, 3, 20050711, '16', 11014, 14806);
INSERT INTO Orders (Order_id, Order_CreateDate, Order_pickupDate, Order_pickupStore, Order_Return_Date, Order_ReturnStore, Customer_id, Car_id) VALUES (4, 20050704, 20050704, 12, 20050709, '8', 11012, 14816);
INSERT INTO Orders (Order_id, Order_CreateDate, Order_pickupDate, Order_pickupStore, Order_Return_Date, Order_ReturnStore, Customer_id, Car_id) VALUES (5, 20050705, 20050705, 5, 20050710, '5', 11011, 14810);
INSERT INTO Orders (Order_id, Order_CreateDate, Order_pickupDate, Order_pickupStore, Order_Return_Date, Order_ReturnStore, Customer_id, Car_id) VALUES (6, 20050706, 20050709, 6, 20050715, '25', 11011, 14812);
INSERT INTO Orders (Order_id, Order_CreateDate, Order_pickupDate, Order_pickupStore, Order_Return_Date, Order_ReturnStore, Customer_id, Car_id) VALUES (7, 20050707, 20050707, 7, 20050715, '14', 11014, 14814);
INSERT INTO Orders (Order_id, Order_CreateDate, Order_pickupDate, Order_pickupStore, Order_Return_Date, Order_ReturnStore, Customer_id, Car_id) VALUES (8, 20050708, 20050709, 8, 20050716, '29', 11016, 14816);
INSERT INTO Orders (Order_id, Order_CreateDate, Order_pickupDate, Order_pickupStore, Order_Return_Date, Order_ReturnStore, Customer_id, Car_id) VALUES (9, 20050709, 20050709, 9, 20050718, '18', 11014, 14818);
INSERT INTO Orders (Order_id, Order_CreateDate, Order_pickupDate, Order_pickupStore, Order_Return_Date, Order_ReturnStore, Customer_id, Car_id) VALUES (11, 20050711, 20050711, 11, 20050716, '13', 11059, 14811);
INSERT INTO Orders (Order_id, Order_CreateDate, Order_pickupDate, Order_pickupStore, Order_Return_Date, Order_ReturnStore, Customer_id, Car_id) VALUES (12, 20050712, 20050715, 25, 20050813, '25', 11017, 14812);
INSERT INTO Orders (Order_id, Order_CreateDate, Order_pickupDate, Order_pickupStore, Order_Return_Date, Order_ReturnStore, Customer_id, Car_id) VALUES (13, 20050713, 20050714, 50, 20050721, '13', 11054, 14813);
INSERT INTO Orders (Order_id, Order_CreateDate, Order_pickupDate, Order_pickupStore, Order_Return_Date, Order_ReturnStore, Customer_id, Car_id) VALUES (14, 20050714, 20050715, 14, 20050719, '14', 11055, 14814);
INSERT INTO Orders (Order_id, Order_CreateDate, Order_pickupDate, Order_pickupStore, Order_Return_Date, Order_ReturnStore, Customer_id, Car_id) VALUES (15, 20050715, 20050715, 15, 20050724, '15', 11056, 14815);
INSERT INTO Orders (Order_id, Order_CreateDate, Order_pickupDate, Order_pickupStore, Order_Return_Date, Order_ReturnStore, Customer_id, Car_id) VALUES (16, 20050716, 20050716, 29, 20050817, '29', 11052, 14816);
INSERT INTO Orders (Order_id, Order_CreateDate, Order_pickupDate, Order_pickupStore, Order_Return_Date, Order_ReturnStore, Customer_id, Car_id) VALUES (17, 20050717, 20050717, 17, 20050722, '50', 11011, 14817);
INSERT INTO Orders (Order_id, Order_CreateDate, Order_pickupDate, Order_pickupStore, Order_Return_Date, Order_ReturnStore, Customer_id, Car_id) VALUES (18, 20050718, 20050718, 18, 20050723, '18', 11055, 14818);
INSERT INTO Orders (Order_id, Order_CreateDate, Order_pickupDate, Order_pickupStore, Order_Return_Date, Order_ReturnStore, Customer_id, Car_id) VALUES (19, 20050719, 20050720, 14, 20050810, '14', 11017, 14819);
INSERT INTO Orders (Order_id, Order_CreateDate, Order_pickupDate, Order_pickupStore, Order_Return_Date, Order_ReturnStore, Customer_id, Car_id) VALUES (20, 20050720, 20050723, 15, 20050804, '35', 11052, 14835);
INSERT INTO Orders (Order_id, Order_CreateDate, Order_pickupDate, Order_pickupStore, Order_Return_Date, Order_ReturnStore, Customer_id, Car_id) VALUES (21, 20050721, 20050721, 50, 20050810, '1', 11053, 14842);
INSERT INTO Orders (Order_id, Order_CreateDate, Order_pickupDate, Order_pickupStore, Order_Return_Date, Order_ReturnStore, Customer_id, Car_id) VALUES (22, 20050722, 20050722, 17, 20050808, '39', 11018, 14839);
INSERT INTO Orders (Order_id, Order_CreateDate, Order_pickupDate, Order_pickupStore, Order_Return_Date, Order_ReturnStore, Customer_id, Car_id) VALUES (23, 20050723, 20050723, 15, 20050807, '25', 11015, 14838);
INSERT INTO Orders (Order_id, Order_CreateDate, Order_pickupDate, Order_pickupStore, Order_Return_Date, Order_ReturnStore, Customer_id, Car_id) VALUES (24, 20050724, 20050727, 19, 20050812, '19', 11018, 14843);
INSERT INTO Orders (Order_id, Order_CreateDate, Order_pickupDate, Order_pickupStore, Order_Return_Date, Order_ReturnStore, Customer_id, Car_id) VALUES (25, 20050725, 20050725, 25, 20050814, '5', 11016, 14850);
INSERT INTO Orders (Order_id, Order_CreateDate, Order_pickupDate, Order_pickupStore, Order_Return_Date, Order_ReturnStore, Customer_id, Car_id) VALUES (26, 20050726, 20050729, 21, 20050814, '21', 11018, 14847);
INSERT INTO Orders (Order_id, Order_CreateDate, Order_pickupDate, Order_pickupStore, Order_Return_Date, Order_ReturnStore, Customer_id, Car_id) VALUES (27, 20050727, 20050727, 19, 20050812, '3', 11051, 14846);
INSERT INTO Orders (Order_id, Order_CreateDate, Order_pickupDate, Order_pickupStore, Order_Return_Date, Order_ReturnStore, Customer_id, Car_id) VALUES (28, 20050728, 20050728, 50, 20050821, '22', 11054, 14851);
INSERT INTO Orders (Order_id, Order_CreateDate, Order_pickupDate, Order_pickupStore, Order_Return_Date, Order_ReturnStore, Customer_id, Car_id) VALUES (29, 20050729, 20050729, 29, 20050818, '9', 11016, 14858);
INSERT INTO Orders (Order_id, Order_CreateDate, Order_pickupDate, Order_pickupStore, Order_Return_Date, Order_ReturnStore, Customer_id, Car_id) VALUES (30, 20050730, 20050730, 30, 20050820, '10', 11016, 14860);
INSERT INTO Orders (Order_id, Order_CreateDate, Order_pickupDate, Order_pickupStore, Order_Return_Date, Order_ReturnStore, Customer_id, Car_id) VALUES (31, 20050731, 20050731, 21, 20050824, '24', 11012, 14831);
INSERT INTO Orders (Order_id, Order_CreateDate, Order_pickupDate, Order_pickupStore, Order_Return_Date, Order_ReturnStore, Customer_id, Car_id) VALUES (32, 20050801, 20050804, 21, 20050806, '21', 11015, 14832);
INSERT INTO Orders (Order_id, Order_CreateDate, Order_pickupDate, Order_pickupStore, Order_Return_Date, Order_ReturnStore, Customer_id, Car_id) VALUES (33, 20050802, 20050802, 33, 20050807, '15', 11019, 14833);
INSERT INTO Orders (Order_id, Order_CreateDate, Order_pickupDate, Order_pickupStore, Order_Return_Date, Order_ReturnStore, Customer_id, Car_id) VALUES (34, 20050803, 20050803, 21, 20050824, '21', 11057, 14834);
INSERT INTO Orders (Order_id, Order_CreateDate, Order_pickupDate, Order_pickupStore, Order_Return_Date, Order_ReturnStore, Customer_id, Car_id) VALUES (35, 20050804, 20050804, 35, 20050813, '35', 11056, 14835);
INSERT INTO Orders (Order_id, Order_CreateDate, Order_pickupDate, Order_pickupStore, Order_Return_Date, Order_ReturnStore, Customer_id, Car_id) VALUES (36, 20050805, 20050805, 23, 20050826, '23', 11057, 14836);
INSERT INTO Orders (Order_id, Order_CreateDate, Order_pickupDate, Order_pickupStore, Order_Return_Date, Order_ReturnStore, Customer_id, Car_id) VALUES (37, 20050806, 20050806, 37, 20050815, '37', 11013, 14837);
INSERT INTO Orders (Order_id, Order_CreateDate, Order_pickupDate, Order_pickupStore, Order_Return_Date, Order_ReturnStore, Customer_id, Car_id) VALUES (38, 20050807, 20050807, 25, 20050828, '25', 11012, 14838);
INSERT INTO Orders (Order_id, Order_CreateDate, Order_pickupDate, Order_pickupStore, Order_Return_Date, Order_ReturnStore, Customer_id, Car_id) VALUES (39, 20050808, 20050808, 39, 20050816, '9', 11014, 14839);
INSERT INTO Orders (Order_id, Order_CreateDate, Order_pickupDate, Order_pickupStore, Order_Return_Date, Order_ReturnStore, Customer_id, Car_id) VALUES (40, 20050809, 20050810, 40, 20050921, '15', 11013, 14880);
INSERT INTO Orders (Order_id, Order_CreateDate, Order_pickupDate, Order_pickupStore, Order_Return_Date, Order_ReturnStore, Customer_id, Car_id) VALUES (41, 20050810, 20050810, 1, 20050819, '1', 11016, 14842);
INSERT INTO Orders (Order_id, Order_CreateDate, Order_pickupDate, Order_pickupStore, Order_Return_Date, Order_ReturnStore, Customer_id, Car_id) VALUES (42, 20050811, 20050814, 13, 20050816, '13', 11015, 14855);
INSERT INTO Orders (Order_id, Order_CreateDate, Order_pickupDate, Order_pickupStore, Order_Return_Date, Order_ReturnStore, Customer_id, Car_id) VALUES (43, 20050812, 20050812, 3, 20050817, '10', 11059, 14846);
INSERT INTO Orders (Order_id, Order_CreateDate, Order_pickupDate, Order_pickupStore, Order_Return_Date, Order_ReturnStore, Customer_id, Car_id) VALUES (44, 20050813, 20050816, 15, 20050828, '19', 11051, 14859);
INSERT INTO Orders (Order_id, Order_CreateDate, Order_pickupDate, Order_pickupStore, Order_Return_Date, Order_ReturnStore, Customer_id, Car_id) VALUES (45, 20050814, 20050814, 5, 20050823, '5', 11053, 14850);
INSERT INTO Orders (Order_id, Order_CreateDate, Order_pickupDate, Order_pickupStore, Order_Return_Date, Order_ReturnStore, Customer_id, Car_id) VALUES (46, 20050815, 20050815, 17, 20050901, '23', 11051, 14863);
INSERT INTO Orders (Order_id, Order_CreateDate, Order_pickupDate, Order_pickupStore, Order_Return_Date, Order_ReturnStore, Customer_id, Car_id) VALUES (47, 20050816, 20050816, 7, 20050824, '14', 11053, 14854);
INSERT INTO Orders (Order_id, Order_CreateDate, Order_pickupDate, Order_pickupStore, Order_Return_Date, Order_ReturnStore, Customer_id, Car_id) VALUES (48, 20050817, 20050818, 22, 20050908, '30', 11017, 14870);
INSERT INTO Orders (Order_id, Order_CreateDate, Order_pickupDate, Order_pickupStore, Order_Return_Date, Order_ReturnStore, Customer_id, Car_id) VALUES (49, 20050818, 20050818, 9, 20050827, '18', 11053, 14858);
INSERT INTO Orders (Order_id, Order_CreateDate, Order_pickupDate, Order_pickupStore, Order_Return_Date, Order_ReturnStore, Customer_id, Car_id) VALUES (50, 20050819, 20050820, 10, 20050829, '11', 11050, 14860);
INSERT INTO Orders (Order_id, Order_CreateDate, Order_pickupDate, Order_pickupStore, Order_Return_Date, Order_ReturnStore, Customer_id, Car_id) VALUES (51, 20050820, 20050821, 22, 20050825, '22', 11015, 14851);
INSERT INTO Orders (Order_id, Order_CreateDate, Order_pickupDate, Order_pickupStore, Order_Return_Date, Order_ReturnStore, Customer_id, Car_id) VALUES (52, 20050821, 20050821, 23, 20050907, '16', 11015, 14852);
INSERT INTO Orders (Order_id, Order_CreateDate, Order_pickupDate, Order_pickupStore, Order_Return_Date, Order_ReturnStore, Customer_id, Car_id) VALUES (53, 20050822, 20050822, 9, 20050910, '9', 11018, 14853);
INSERT INTO Orders (Order_id, Order_CreateDate, Order_pickupDate, Order_pickupStore, Order_Return_Date, Order_ReturnStore, Customer_id, Car_id) VALUES (54, 20050823, 20050824, 14, 20050912, '14', 11053, 14854);
INSERT INTO Orders (Order_id, Order_CreateDate, Order_pickupDate, Order_pickupStore, Order_Return_Date, Order_ReturnStore, Customer_id, Car_id) VALUES (55, 20050824, 20050824, 24, 20050915, '24', 11012, 14831);
INSERT INTO Orders (Order_id, Order_CreateDate, Order_pickupDate, Order_pickupStore, Order_Return_Date, Order_ReturnStore, Customer_id, Car_id) VALUES (56, 20050825, 20050826, 16, 20050910, '14', 11019, 14856);
INSERT INTO Orders (Order_id, Order_CreateDate, Order_pickupDate, Order_pickupStore, Order_Return_Date, Order_ReturnStore, Customer_id, Car_id) VALUES (57, 20050826, 20050826, 13, 20050914, '13', 11018, 14857);
INSERT INTO Orders (Order_id, Order_CreateDate, Order_pickupDate, Order_pickupStore, Order_Return_Date, Order_ReturnStore, Customer_id, Car_id) VALUES (58, 20050827, 20050827, 18, 20050912, '18', 11011, 14858);
INSERT INTO Orders (Order_id, Order_CreateDate, Order_pickupDate, Order_pickupStore, Order_Return_Date, Order_ReturnStore, Customer_id, Car_id) VALUES (59, 20050828, 20050828, 19, 20050913, '9', 11019, 14859);
INSERT INTO Orders (Order_id, Order_CreateDate, Order_pickupDate, Order_pickupStore, Order_Return_Date, Order_ReturnStore, Customer_id, Car_id) VALUES (60, 20050829, 20050829, 11, 20050910, '11', 11012, 14860);
INSERT INTO Orders (Order_id, Order_CreateDate, Order_pickupDate, Order_pickupStore, Order_Return_Date, Order_ReturnStore, Customer_id, Car_id) VALUES (61, 20050830, 20050830, 17, 20050918, '21', 11054, 14861);
INSERT INTO Orders (Order_id, Order_CreateDate, Order_pickupDate, Order_pickupStore, Order_Return_Date, Order_ReturnStore, Customer_id, Car_id) VALUES (62, 20050831, 20050831, 50, 20050916, '22', 11011, 14862);
INSERT INTO Orders (Order_id, Order_CreateDate, Order_pickupDate, Order_pickupStore, Order_Return_Date, Order_ReturnStore, Customer_id, Car_id) VALUES (63, 20050901, 20050901, 23, 20050910, '23', 11053, 14863);
INSERT INTO Orders (Order_id, Order_CreateDate, Order_pickupDate, Order_pickupStore, Order_Return_Date, Order_ReturnStore, Customer_id, Car_id) VALUES (64, 20050902, 20050902, 17, 20050923, '17', 11052, 14864);
INSERT INTO Orders (Order_id, Order_CreateDate, Order_pickupDate, Order_pickupStore, Order_Return_Date, Order_ReturnStore, Customer_id, Car_id) VALUES (65, 20050903, 20050903, 18, 20050911, '25', 11054, 14865);
INSERT INTO Orders (Order_id, Order_CreateDate, Order_pickupDate, Order_pickupStore, Order_Return_Date, Order_ReturnStore, Customer_id, Car_id) VALUES (66, 20050904, 20050905, 26, 20050913, '26', 11056, 14866);
INSERT INTO Orders (Order_id, Order_CreateDate, Order_pickupDate, Order_pickupStore, Order_Return_Date, Order_ReturnStore, Customer_id, Car_id) VALUES (67, 20050905, 20050905, 27, 20050910, '27', 11011, 14867);
INSERT INTO Orders (Order_id, Order_CreateDate, Order_pickupDate, Order_pickupStore, Order_Return_Date, Order_ReturnStore, Customer_id, Car_id) VALUES (68, 20050906, 20050907, 16, 20050907, '17', 11057, 14852);
INSERT INTO Orders (Order_id, Order_CreateDate, Order_pickupDate, Order_pickupStore, Order_Return_Date, Order_ReturnStore, Customer_id, Car_id) VALUES (69, 20050907, 20050907, 17, 20050928, '17', 11057, 14852);
INSERT INTO Orders (Order_id, Order_CreateDate, Order_pickupDate, Order_pickupStore, Order_Return_Date, Order_ReturnStore, Customer_id, Car_id) VALUES (70, 20050908, 20050908, 30, 20050913, '30', 11055, 14870);
INSERT INTO Orders (Order_id, Order_CreateDate, Order_pickupDate, Order_pickupStore, Order_Return_Date, Order_ReturnStore, Customer_id, Car_id) VALUES (71, 20050909, 20050909, 31, 20050914, '31', 11011, 14871);
INSERT INTO Orders (Order_id, Order_CreateDate, Order_pickupDate, Order_pickupStore, Order_Return_Date, Order_ReturnStore, Customer_id, Car_id) VALUES (72, 20050910, 20050911, 32, 20051001, '21', 11010, 14872);
INSERT INTO Orders (Order_id, Order_CreateDate, Order_pickupDate, Order_pickupStore, Order_Return_Date, Order_ReturnStore, Customer_id, Car_id) VALUES (73, 20050911, 20050911, 23, 20050916, '23', 11015, 14873);
INSERT INTO Orders (Order_id, Order_CreateDate, Order_pickupDate, Order_pickupStore, Order_Return_Date, Order_ReturnStore, Customer_id, Car_id) VALUES (74, 20050912, 20050915, 24, 20050917, '24', 11015, 14874);
INSERT INTO Orders (Order_id, Order_CreateDate, Order_pickupDate, Order_pickupStore, Order_Return_Date, Order_ReturnStore, Customer_id, Car_id) VALUES (75, 20050913, 20050914, 28, 20051014, '28', 11017, 14875);
INSERT INTO Orders (Order_id, Order_CreateDate, Order_pickupDate, Order_pickupStore, Order_Return_Date, Order_ReturnStore, Customer_id, Car_id) VALUES (76, 20050914, 20050915, 26, 20050919, '26', 11015, 14876);
INSERT INTO Orders (Order_id, Order_CreateDate, Order_pickupDate, Order_pickupStore, Order_Return_Date, Order_ReturnStore, Customer_id, Car_id) VALUES (77, 20050915, 20050915, 37, 20050924, '37', 11013, 14877);
INSERT INTO Orders (Order_id, Order_CreateDate, Order_pickupDate, Order_pickupStore, Order_Return_Date, Order_ReturnStore, Customer_id, Car_id) VALUES (78, 20050916, 20050917, 38, 20050924, '13', 11014, 14878);
INSERT INTO Orders (Order_id, Order_CreateDate, Order_pickupDate, Order_pickupStore, Order_Return_Date, Order_ReturnStore, Customer_id, Car_id) VALUES (79, 20050917, 20050917, 39, 20050925, '14', 11014, 14879);
INSERT INTO Orders (Order_id, Order_CreateDate, Order_pickupDate, Order_pickupStore, Order_Return_Date, Order_ReturnStore, Customer_id, Car_id) VALUES (80, 20050918, 20050921, 15, 20051019, '15', 11017, 14880);
INSERT INTO Orders (Order_id, Order_CreateDate, Order_pickupDate, Order_pickupStore, Order_Return_Date, Order_ReturnStore, Customer_id, Car_id) VALUES (81, 20050919, 20050919, 13, 20050924, '13', 11051, 14881);
INSERT INTO Orders (Order_id, Order_CreateDate, Order_pickupDate, Order_pickupStore, Order_Return_Date, Order_ReturnStore, Customer_id, Car_id) VALUES (82, 20050920, 20050920, 12, 20051011, '12', 11057, 14882);
INSERT INTO Orders (Order_id, Order_CreateDate, Order_pickupDate, Order_pickupStore, Order_Return_Date, Order_ReturnStore, Customer_id, Car_id) VALUES (83, 20050921, 20050921, 3, 20050926, '3', 11055, 14883);
INSERT INTO Orders (Order_id, Order_CreateDate, Order_pickupDate, Order_pickupStore, Order_Return_Date, Order_ReturnStore, Customer_id, Car_id) VALUES (84, 20050922, 20050923, 4, 20051010, '4', 11010, 14884);
INSERT INTO Orders (Order_id, Order_CreateDate, Order_pickupDate, Order_pickupStore, Order_Return_Date, Order_ReturnStore, Customer_id, Car_id) VALUES (85, 20050923, 20050924, 20, 20051014, '20', 11052, 14885);
INSERT INTO Orders (Order_id, Order_CreateDate, Order_pickupDate, Order_pickupStore, Order_Return_Date, Order_ReturnStore, Customer_id, Car_id) VALUES (86, 20050924, 20050927, 21, 20051012, '6', 11054, 14886);
INSERT INTO Orders (Order_id, Order_CreateDate, Order_pickupDate, Order_pickupStore, Order_Return_Date, Order_ReturnStore, Customer_id, Car_id) VALUES (87, 20050925, 20050925, 7, 20051013, '7', 11058, 14887);
INSERT INTO Orders (Order_id, Order_CreateDate, Order_pickupDate, Order_pickupStore, Order_Return_Date, Order_ReturnStore, Customer_id, Car_id) VALUES (330, 20060526, 20060526, 29, 20060617, '29', 11352, 15130);
INSERT INTO Orders (Order_id, Order_CreateDate, Order_pickupDate, Order_pickupStore, Order_Return_Date, Order_ReturnStore, Customer_id, Car_id) VALUES (331, 20060527, 20060527, 25, 20060529, '26', 11312, 15106);
INSERT INTO Orders (Order_id, Order_CreateDate, Order_pickupDate, Order_pickupStore, Order_Return_Date, Order_ReturnStore, Customer_id, Car_id) VALUES (332, 20060528, 20060529, 26, 20060619, '26', 11312, 15106);
INSERT INTO Orders (Order_id, Order_CreateDate, Order_pickupDate, Order_pickupStore, Order_Return_Date, Order_ReturnStore, Customer_id, Car_id) VALUES (333, 20060529, 20060529, 14, 20060612, '16', 11318, 15119);
INSERT INTO Orders (Order_id, Order_CreateDate, Order_pickupDate, Order_pickupStore, Order_Return_Date, Order_ReturnStore, Customer_id, Car_id) VALUES (334, 20060530, 20060530, 14, 20060618, '14', 11350, 15128);
INSERT INTO Orders (Order_id, Order_CreateDate, Order_pickupDate, Order_pickupStore, Order_Return_Date, Order_ReturnStore, Customer_id, Car_id) VALUES (335, 20060531, 20060531, 16, 20060612, '16', 11317, 15119);
INSERT INTO Orders (Order_id, Order_CreateDate, Order_pickupDate, Order_pickupStore, Order_Return_Date, Order_ReturnStore, Customer_id, Car_id) VALUES (336, 20060601, 20060602, 16, 20060604, '19', 11314, 15129);
INSERT INTO Orders (Order_id, Order_CreateDate, Order_pickupDate, Order_pickupStore, Order_Return_Date, Order_ReturnStore, Customer_id, Car_id) VALUES (337, 20060602, 20060603, 10, 20060603, '11', 11312, 15127);
INSERT INTO Orders (Order_id, Order_CreateDate, Order_pickupDate, Order_pickupStore, Order_Return_Date, Order_ReturnStore, Customer_id, Car_id) VALUES (338, 20060603, 20060603, 11, 20060622, '37', 11312, 15127);
INSERT INTO Orders (Order_id, Order_CreateDate, Order_pickupDate, Order_pickupStore, Order_Return_Date, Order_ReturnStore, Customer_id, Car_id) VALUES (339, 20060604, 20060604, 19, 20060620, '35', 11319, 15129);
INSERT INTO Orders (Order_id, Order_CreateDate, Order_pickupDate, Order_pickupStore, Order_Return_Date, Order_ReturnStore, Customer_id, Car_id) VALUES (340, 20060605, 20060605, 15, 20060616, '11', 11351, 15140);
INSERT INTO Orders (Order_id, Order_CreateDate, Order_pickupDate, Order_pickupStore, Order_Return_Date, Order_ReturnStore, Customer_id, Car_id) VALUES (342, 20060607, 20060608, 22, 20060706, '28', 11314, 15142);
INSERT INTO Orders (Order_id, Order_CreateDate, Order_pickupDate, Order_pickupStore, Order_Return_Date, Order_ReturnStore, Customer_id, Car_id) VALUES (343, 20060608, 20060608, 23, 20060613, '23', 11311, 15143);
INSERT INTO Orders (Order_id, Order_CreateDate, Order_pickupDate, Order_pickupStore, Order_Return_Date, Order_ReturnStore, Customer_id, Car_id) VALUES (344, 20060609, 20060612, 24, 20060618, '24', 11316, 15144);
INSERT INTO Orders (Order_id, Order_CreateDate, Order_pickupDate, Order_pickupStore, Order_Return_Date, Order_ReturnStore, Customer_id, Car_id) VALUES (345, 20060610, 20060610, 25, 20060628, '18', 11313, 15145);
INSERT INTO Orders (Order_id, Order_CreateDate, Order_pickupDate, Order_pickupStore, Order_Return_Date, Order_ReturnStore, Customer_id, Car_id) VALUES (346, 20060611, 20060612, 26, 20060616, '26', 11311, 15146);
INSERT INTO Orders (Order_id, Order_CreateDate, Order_pickupDate, Order_pickupStore, Order_Return_Date, Order_ReturnStore, Customer_id, Car_id) VALUES (347, 20060612, 20060613, 20, 20060713, '20', 11312, 15147);
INSERT INTO Orders (Order_id, Order_CreateDate, Order_pickupDate, Order_pickupStore, Order_Return_Date, Order_ReturnStore, Customer_id, Car_id) VALUES (348, 20060613, 20060614, 26, 20060714, '26', 11317, 15148);
INSERT INTO Orders (Order_id, Order_CreateDate, Order_pickupDate, Order_pickupStore, Order_Return_Date, Order_ReturnStore, Customer_id, Car_id) VALUES (349, 20060614, 20060614, 27, 20060715, '27', 11317, 15149);
INSERT INTO Orders (Order_id, Order_CreateDate, Order_pickupDate, Order_pickupStore, Order_Return_Date, Order_ReturnStore, Customer_id, Car_id) VALUES (350, 20060615, 20060618, 30, 20060623, '16', 11314, 15150);
INSERT INTO Orders (Order_id, Order_CreateDate, Order_pickupDate, Order_pickupStore, Order_Return_Date, Order_ReturnStore, Customer_id, Car_id) VALUES (351, 20060616, 20060616, 11, 20060617, '12', 11318, 15140);
INSERT INTO Orders (Order_id, Order_CreateDate, Order_pickupDate, Order_pickupStore, Order_Return_Date, Order_ReturnStore, Customer_id, Car_id) VALUES (352, 20060617, 20060617, 12, 20060624, '19', 11318, 15140);
INSERT INTO Orders (Order_id, Order_CreateDate, Order_pickupDate, Order_pickupStore, Order_Return_Date, Order_ReturnStore, Customer_id, Car_id) VALUES (353, 20060618, 20060618, 33, 20060626, '40', 11311, 15123);
INSERT INTO Orders (Order_id, Order_CreateDate, Order_pickupDate, Order_pickupStore, Order_Return_Date, Order_ReturnStore, Customer_id, Car_id) VALUES (354, 20060619, 20060620, 34, 20060624, '34', 11311, 15124);
INSERT INTO Orders (Order_id, Order_CreateDate, Order_pickupDate, Order_pickupStore, Order_Return_Date, Order_ReturnStore, Customer_id, Car_id) VALUES (355, 20060620, 20060620, 35, 20060624, '36', 11316, 15129);
INSERT INTO Orders (Order_id, Order_CreateDate, Order_pickupDate, Order_pickupStore, Order_Return_Date, Order_ReturnStore, Customer_id, Car_id) VALUES (356, 20060621, 20060624, 36, 20060629, '14', 11314, 15129);
INSERT INTO Orders (Order_id, Order_CreateDate, Order_pickupDate, Order_pickupStore, Order_Return_Date, Order_ReturnStore, Customer_id, Car_id) VALUES (357, 20060622, 20060622, 37, 20060627, '11', 11319, 15127);
INSERT INTO Orders (Order_id, Order_CreateDate, Order_pickupDate, Order_pickupStore, Order_Return_Date, Order_ReturnStore, Customer_id, Car_id) VALUES (358, 20060623, 20060624, 38, 20060712, '38', 11313, 15122);
INSERT INTO Orders (Order_id, Order_CreateDate, Order_pickupDate, Order_pickupStore, Order_Return_Date, Order_ReturnStore, Customer_id, Car_id) VALUES (359, 20060624, 20060624, 19, 20060715, '19', 11317, 15140);
INSERT INTO Orders (Order_id, Order_CreateDate, Order_pickupDate, Order_pickupStore, Order_Return_Date, Order_ReturnStore, Customer_id, Car_id) VALUES (360, 20060625, 20060626, 40, 20060713, '10', 11314, 15123);
INSERT INTO Orders (Order_id, Order_CreateDate, Order_pickupDate, Order_pickupStore, Order_Return_Date, Order_ReturnStore, Customer_id, Car_id) VALUES (361, 20060626, 20060626, 1, 20060706, '11', 11316, 15165);
INSERT INTO Orders (Order_id, Order_CreateDate, Order_pickupDate, Order_pickupStore, Order_Return_Date, Order_ReturnStore, Customer_id, Car_id) VALUES (362, 20060627, 20060628, 2, 20060708, '13', 11313, 15166);
INSERT INTO Orders (Order_id, Order_CreateDate, Order_pickupDate, Order_pickupStore, Order_Return_Date, Order_ReturnStore, Customer_id, Car_id) VALUES (363, 20060628, 20060628, 18, 20060704, '21', 11312, 15145);
INSERT INTO Orders (Order_id, Order_CreateDate, Order_pickupDate, Order_pickupStore, Order_Return_Date, Order_ReturnStore, Customer_id, Car_id) VALUES (364, 20060629, 20060629, 4, 20060810, '35', 11316, 15168);
INSERT INTO Orders (Order_id, Order_CreateDate, Order_pickupDate, Order_pickupStore, Order_Return_Date, Order_ReturnStore, Customer_id, Car_id) VALUES (365, 20060630, 20060630, 5, 20060704, '9', 11316, 15169);
INSERT INTO Orders (Order_id, Order_CreateDate, Order_pickupDate, Order_pickupStore, Order_Return_Date, Order_ReturnStore, Customer_id, Car_id) VALUES (366, 20060701, 20060704, 21, 20060706, '21', 11315, 15145);
INSERT INTO Orders (Order_id, Order_CreateDate, Order_pickupDate, Order_pickupStore, Order_Return_Date, Order_ReturnStore, Customer_id, Car_id) VALUES (367, 20060702, 20060702, 7, 20060713, '18', 11316, 15161);
INSERT INTO Orders (Order_id, Order_CreateDate, Order_pickupDate, Order_pickupStore, Order_Return_Date, Order_ReturnStore, Customer_id, Car_id) VALUES (368, 20060703, 20060704, 8, 20060710, '12', 11313, 15162);
INSERT INTO Orders (Order_id, Order_CreateDate, Order_pickupDate, Order_pickupStore, Order_Return_Date, Order_ReturnStore, Customer_id, Car_id) VALUES (369, 20060704, 20060704, 9, 20060710, '15', 11311, 15169);
INSERT INTO Orders (Order_id, Order_CreateDate, Order_pickupDate, Order_pickupStore, Order_Return_Date, Order_ReturnStore, Customer_id, Car_id) VALUES (370, 20060705, 20060706, 28, 20060726, '28', 11317, 15142);
INSERT INTO Orders (Order_id, Order_CreateDate, Order_pickupDate, Order_pickupStore, Order_Return_Date, Order_ReturnStore, Customer_id, Car_id) VALUES (371, 20060706, 20060706, 11, 20060712, '12', 11313, 15165);
INSERT INTO Orders (Order_id, Order_CreateDate, Order_pickupDate, Order_pickupStore, Order_Return_Date, Order_ReturnStore, Customer_id, Car_id) VALUES (372, 20060707, 20060710, 12, 20060712, '8', 11319, 15162);
INSERT INTO Orders (Order_id, Order_CreateDate, Order_pickupDate, Order_pickupStore, Order_Return_Date, Order_ReturnStore, Customer_id, Car_id) VALUES (373, 20060708, 20060708, 13, 20060712, '16', 11314, 15166);
INSERT INTO Orders (Order_id, Order_CreateDate, Order_pickupDate, Order_pickupStore, Order_Return_Date, Order_ReturnStore, Customer_id, Car_id) VALUES (374, 20060709, 20060710, 14, 20060717, '14', 11318, 15167);
INSERT INTO Orders (Order_id, Order_CreateDate, Order_pickupDate, Order_pickupStore, Order_Return_Date, Order_ReturnStore, Customer_id, Car_id) VALUES (375, 20060710, 20060710, 15, 20060714, '19', 11313, 15169);
INSERT INTO Orders (Order_id, Order_CreateDate, Order_pickupDate, Order_pickupStore, Order_Return_Date, Order_ReturnStore, Customer_id, Car_id) VALUES (376, 20060711, 20060712, 16, 20060718, '23', 11319, 15166);
INSERT INTO Orders (Order_id, Order_CreateDate, Order_pickupDate, Order_pickupStore, Order_Return_Date, Order_ReturnStore, Customer_id, Car_id) VALUES (377, 20060712, 20060712, 12, 20060717, '17', 11312, 15165);
INSERT INTO Orders (Order_id, Order_CreateDate, Order_pickupDate, Order_pickupStore, Order_Return_Date, Order_ReturnStore, Customer_id, Car_id) VALUES (378, 20060713, 20060713, 18, 20060716, '21', 11310, 15161);
INSERT INTO Orders (Order_id, Order_CreateDate, Order_pickupDate, Order_pickupStore, Order_Return_Date, Order_ReturnStore, Customer_id, Car_id) VALUES (379, 20060714, 20060714, 19, 20060722, '26', 11319, 15169);
INSERT INTO Orders (Order_id, Order_CreateDate, Order_pickupDate, Order_pickupStore, Order_Return_Date, Order_ReturnStore, Customer_id, Car_id) VALUES (380, 20060715, 20060716, 20, 20060724, '29', 11310, 15163);
INSERT INTO Orders (Order_id, Order_CreateDate, Order_pickupDate, Order_pickupStore, Order_Return_Date, Order_ReturnStore, Customer_id, Car_id) VALUES (381, 20060716, 20060716, 21, 20060721, '9', 11319, 15161);
INSERT INTO Orders (Order_id, Order_CreateDate, Order_pickupDate, Order_pickupStore, Order_Return_Date, Order_ReturnStore, Customer_id, Car_id) VALUES (382, 20060717, 20060717, 17, 20060721, '19', 11312, 15165);
INSERT INTO Orders (Order_id, Order_CreateDate, Order_pickupDate, Order_pickupStore, Order_Return_Date, Order_ReturnStore, Customer_id, Car_id) VALUES (383, 20060718, 20060718, 23, 20060728, '12', 11318, 15166);
INSERT INTO Orders (Order_id, Order_CreateDate, Order_pickupDate, Order_pickupStore, Order_Return_Date, Order_ReturnStore, Customer_id, Car_id) VALUES (384, 20060719, 20060722, 19, 20060721, '20', 11312, 15165);
INSERT INTO Orders (Order_id, Order_CreateDate, Order_pickupDate, Order_pickupStore, Order_Return_Date, Order_ReturnStore, Customer_id, Car_id) VALUES (385, 20060720, 20060721, 20, 20060723, '23', 11312, 15165);
INSERT INTO Orders (Order_id, Order_CreateDate, Order_pickupDate, Order_pickupStore, Order_Return_Date, Order_ReturnStore, Customer_id, Car_id) VALUES (386, 20060721, 20060722, 26, 20060814, '36', 11318, 15169);
INSERT INTO Orders (Order_id, Order_CreateDate, Order_pickupDate, Order_pickupStore, Order_Return_Date, Order_ReturnStore, Customer_id, Car_id) VALUES (387, 20060722, 20060722, 27, 20060810, '11', 11314, 15160);
INSERT INTO Orders (Order_id, Order_CreateDate, Order_pickupDate, Order_pickupStore, Order_Return_Date, Order_ReturnStore, Customer_id, Car_id) VALUES (388, 20060723, 20060723, 23, 20060726, '31', 11312, 15165);
INSERT INTO Orders (Order_id, Order_CreateDate, Order_pickupDate, Order_pickupStore, Order_Return_Date, Order_ReturnStore, Customer_id, Car_id) VALUES (389, 20060724, 20060724, 29, 20060813, '29', 11313, 15163);
INSERT INTO Orders (Order_id, Order_CreateDate, Order_pickupDate, Order_pickupStore, Order_Return_Date, Order_ReturnStore, Customer_id, Car_id) VALUES (390, 20060725, 20060728, 12, 20060728, '33', 11318, 15166);
INSERT INTO Orders (Order_id, Order_CreateDate, Order_pickupDate, Order_pickupStore, Order_Return_Date, Order_ReturnStore, Customer_id, Car_id) VALUES (391, 20060726, 20060726, 31, 20060815, '31', 11313, 15165);
INSERT INTO Orders (Order_id, Order_CreateDate, Order_pickupDate, Order_pickupStore, Order_Return_Date, Order_ReturnStore, Customer_id, Car_id) VALUES (392, 20060727, 20060727, 11, 20060816, '31', 11315, 15181);
INSERT INTO Orders (Order_id, Order_CreateDate, Order_pickupDate, Order_pickupStore, Order_Return_Date, Order_ReturnStore, Customer_id, Car_id) VALUES (393, 20060728, 20060728, 33, 20060816, '33', 11310, 15166);
INSERT INTO Orders (Order_id, Order_CreateDate, Order_pickupDate, Order_pickupStore, Order_Return_Date, Order_ReturnStore, Customer_id, Car_id) VALUES (395, 20060730, 20060730, 35, 20060818, '35', 11310, 15168);
INSERT INTO Orders (Order_id, Order_CreateDate, Order_pickupDate, Order_pickupStore, Order_Return_Date, Order_ReturnStore, Customer_id, Car_id) VALUES (396, 20060731, 20060731, 36, 20060819, '36', 11310, 15169);
INSERT INTO Orders (Order_id, Order_CreateDate, Order_pickupDate, Order_pickupStore, Order_Return_Date, Order_ReturnStore, Customer_id, Car_id) VALUES (397, 20060801, 20060801, 11, 20060802, '12', 11312, 15186);
INSERT INTO Orders (Order_id, Order_CreateDate, Order_pickupDate, Order_pickupStore, Order_Return_Date, Order_ReturnStore, Customer_id, Car_id) VALUES (398, 20060802, 20060802, 12, 20060823, '12', 11312, 15186);
INSERT INTO Orders (Order_id, Order_CreateDate, Order_pickupDate, Order_pickupStore, Order_Return_Date, Order_ReturnStore, Customer_id, Car_id) VALUES (399, 20060803, 20060803, 15, 20060808, '15', 11315, 15184);
INSERT INTO Orders (Order_id, Order_CreateDate, Order_pickupDate, Order_pickupStore, Order_Return_Date, Order_ReturnStore, Customer_id, Car_id) VALUES (400, 20060804, 20060805, 16, 20060813, '9', 11315, 15209);
INSERT INTO Orders (Order_id, Order_CreateDate, Order_pickupDate, Order_pickupStore, Order_Return_Date, Order_ReturnStore, Customer_id, Car_id) VALUES (401, 20060805, 20060805, 1, 20060813, '1', 11410, 15201);
INSERT INTO Orders (Order_id, Order_CreateDate, Order_pickupDate, Order_pickupStore, Order_Return_Date, Order_ReturnStore, Customer_id, Car_id) VALUES (402, 20060806, 20060807, 2, 20060821, '14', 11419, 15202);
INSERT INTO Orders (Order_id, Order_CreateDate, Order_pickupDate, Order_pickupStore, Order_Return_Date, Order_ReturnStore, Customer_id, Car_id) VALUES (403, 20060807, 20060807, 3, 20060812, '3', 11415, 15203);
INSERT INTO Orders (Order_id, Order_CreateDate, Order_pickupDate, Order_pickupStore, Order_Return_Date, Order_ReturnStore, Customer_id, Car_id) VALUES (404, 20060808, 20060809, 4, 20060819, '15', 11410, 15204);
INSERT INTO Orders (Order_id, Order_CreateDate, Order_pickupDate, Order_pickupStore, Order_Return_Date, Order_ReturnStore, Customer_id, Car_id) VALUES (405, 20060809, 20060809, 5, 20060908, '34', 11418, 15205);
INSERT INTO Orders (Order_id, Order_CreateDate, Order_pickupDate, Order_pickupStore, Order_Return_Date, Order_ReturnStore, Customer_id, Car_id) VALUES (406, 20060810, 20060810, 6, 20060817, '13', 11413, 15206);
INSERT INTO Orders (Order_id, Order_CreateDate, Order_pickupDate, Order_pickupStore, Order_Return_Date, Order_ReturnStore, Customer_id, Car_id) VALUES (407, 20060811, 20060811, 23, 20060819, '14', 11411, 15207);
INSERT INTO Orders (Order_id, Order_CreateDate, Order_pickupDate, Order_pickupStore, Order_Return_Date, Order_ReturnStore, Customer_id, Car_id) VALUES (408, 20060812, 20060813, 8, 20060823, '19', 11416, 15208);
INSERT INTO Orders (Order_id, Order_CreateDate, Order_pickupDate, Order_pickupStore, Order_Return_Date, Order_ReturnStore, Customer_id, Car_id) VALUES (409, 20060813, 20060813, 9, 20060822, '9', 11416, 15209);
INSERT INTO Orders (Order_id, Order_CreateDate, Order_pickupDate, Order_pickupStore, Order_Return_Date, Order_ReturnStore, Customer_id, Car_id) VALUES (410, 20060814, 20060814, 29, 20060915, '29', 11412, 15210);
INSERT INTO Orders (Order_id, Order_CreateDate, Order_pickupDate, Order_pickupStore, Order_Return_Date, Order_ReturnStore, Customer_id, Car_id) VALUES (411, 20060815, 20060815, 11, 20060821, '17', 11419, 15200);
INSERT INTO Orders (Order_id, Order_CreateDate, Order_pickupDate, Order_pickupStore, Order_Return_Date, Order_ReturnStore, Customer_id, Car_id) VALUES (412, 20060816, 20060816, 31, 20060917, '31', 11412, 15181);
INSERT INTO Orders (Order_id, Order_CreateDate, Order_pickupDate, Order_pickupStore, Order_Return_Date, Order_ReturnStore, Customer_id, Car_id) VALUES (413, 20060817, 20060817, 13, 20060826, '13', 11416, 15206);
INSERT INTO Orders (Order_id, Order_CreateDate, Order_pickupDate, Order_pickupStore, Order_Return_Date, Order_ReturnStore, Customer_id, Car_id) VALUES (414, 20060818, 20060819, 14, 20060909, '36', 11416, 15207);
INSERT INTO Orders (Order_id, Order_CreateDate, Order_pickupDate, Order_pickupStore, Order_Return_Date, Order_ReturnStore, Customer_id, Car_id) VALUES (415, 20060819, 20060819, 15, 20060906, '33', 11419, 15204);
INSERT INTO Orders (Order_id, Order_CreateDate, Order_pickupDate, Order_pickupStore, Order_Return_Date, Order_ReturnStore, Customer_id, Car_id) VALUES (416, 20060820, 20060821, 14, 20060825, '14', 11411, 15202);
INSERT INTO Orders (Order_id, Order_CreateDate, Order_pickupDate, Order_pickupStore, Order_Return_Date, Order_ReturnStore, Customer_id, Car_id) VALUES (417, 20060821, 20060821, 17, 20060906, '32', 11413, 15200);
INSERT INTO Orders (Order_id, Order_CreateDate, Order_pickupDate, Order_pickupStore, Order_Return_Date, Order_ReturnStore, Customer_id, Car_id) VALUES (418, 20060822, 20060822, 19, 20060910, '18', 11414, 15199);
INSERT INTO Orders (Order_id, Order_CreateDate, Order_pickupDate, Order_pickupStore, Order_Return_Date, Order_ReturnStore, Customer_id, Car_id) VALUES (419, 20060823, 20060823, 19, 20060828, '13', 11419, 15208);
INSERT INTO Orders (Order_id, Order_CreateDate, Order_pickupDate, Order_pickupStore, Order_Return_Date, Order_ReturnStore, Customer_id, Car_id) VALUES (420, 20060824, 20060825, 20, 20060904, '11', 11418, 15220);
INSERT INTO Orders (Order_id, Order_CreateDate, Order_pickupDate, Order_pickupStore, Order_Return_Date, Order_ReturnStore, Customer_id, Car_id) VALUES (421, 20060825, 20060825, 21, 20060914, '21', 11416, 15221);
INSERT INTO Orders (Order_id, Order_CreateDate, Order_pickupDate, Order_pickupStore, Order_Return_Date, Order_ReturnStore, Customer_id, Car_id) VALUES (422, 20060826, 20060827, 20, 20060911, '20', 11411, 15222);
INSERT INTO Orders (Order_id, Order_CreateDate, Order_pickupDate, Order_pickupStore, Order_Return_Date, Order_ReturnStore, Customer_id, Car_id) VALUES (423, 20060827, 20060827, 23, 20060908, '12', 11418, 15223);
INSERT INTO Orders (Order_id, Order_CreateDate, Order_pickupDate, Order_pickupStore, Order_Return_Date, Order_ReturnStore, Customer_id, Car_id) VALUES (424, 20060828, 20060828, 24, 20060926, '14', 11415, 15224);
INSERT INTO Orders (Order_id, Order_CreateDate, Order_pickupDate, Order_pickupStore, Order_Return_Date, Order_ReturnStore, Customer_id, Car_id) VALUES (425, 20060829, 20060829, 26, 20060925, '26', 11412, 15225);
INSERT INTO Orders (Order_id, Order_CreateDate, Order_pickupDate, Order_pickupStore, Order_Return_Date, Order_ReturnStore, Customer_id, Car_id) VALUES (426, 20060830, 20060830, 24, 20060915, '24', 11411, 15226);
INSERT INTO Orders (Order_id, Order_CreateDate, Order_pickupDate, Order_pickupStore, Order_Return_Date, Order_ReturnStore, Customer_id, Car_id) VALUES (427, 20060831, 20060831, 25, 20060916, '25', 11411, 15227);
INSERT INTO Orders (Order_id, Order_CreateDate, Order_pickupDate, Order_pickupStore, Order_Return_Date, Order_ReturnStore, Customer_id, Car_id) VALUES (428, 20060901, 20060902, 28, 20060910, '28', 11413, 15228);
INSERT INTO Orders (Order_id, Order_CreateDate, Order_pickupDate, Order_pickupStore, Order_Return_Date, Order_ReturnStore, Customer_id, Car_id) VALUES (429, 20060902, 20060902, 24, 20060907, '24', 11411, 15229);
INSERT INTO Orders (Order_id, Order_CreateDate, Order_pickupDate, Order_pickupStore, Order_Return_Date, Order_ReturnStore, Customer_id, Car_id) VALUES (430, 20060903, 20060903, 30, 20060912, '30', 11416, 15230);
INSERT INTO Orders (Order_id, Order_CreateDate, Order_pickupDate, Order_pickupStore, Order_Return_Date, Order_ReturnStore, Customer_id, Car_id) VALUES (431, 20060904, 20060904, 11, 20060912, '19', 11414, 15220);
INSERT INTO Orders (Order_id, Order_CreateDate, Order_pickupDate, Order_pickupStore, Order_Return_Date, Order_ReturnStore, Customer_id, Car_id) VALUES (432, 20060905, 20060906, 32, 20060912, '38', 11415, 15200);
INSERT INTO Orders (Order_id, Order_CreateDate, Order_pickupDate, Order_pickupStore, Order_Return_Date, Order_ReturnStore, Customer_id, Car_id) VALUES (433, 20060906, 20060906, 33, 20060914, '33', 11418, 15204);
INSERT INTO Orders (Order_id, Order_CreateDate, Order_pickupDate, Order_pickupStore, Order_Return_Date, Order_ReturnStore, Customer_id, Car_id) VALUES (434, 20060907, 20060908, 34, 20060910, '37', 11410, 15205);
INSERT INTO Orders (Order_id, Order_CreateDate, Order_pickupDate, Order_pickupStore, Order_Return_Date, Order_ReturnStore, Customer_id, Car_id) VALUES (435, 20060908, 20060908, 12, 20060913, '12', 11411, 15223);
INSERT INTO Orders (Order_id, Order_CreateDate, Order_pickupDate, Order_pickupStore, Order_Return_Date, Order_ReturnStore, Customer_id, Car_id) VALUES (436, 20060909, 20060909, 36, 20060917, '36', 11418, 15207);
INSERT INTO Orders (Order_id, Order_CreateDate, Order_pickupDate, Order_pickupStore, Order_Return_Date, Order_ReturnStore, Customer_id, Car_id) VALUES (437, 20060910, 20060910, 37, 20060915, '37', 11415, 15205);
INSERT INTO Orders (Order_id, Order_CreateDate, Order_pickupDate, Order_pickupStore, Order_Return_Date, Order_ReturnStore, Customer_id, Car_id) VALUES (438, 20060911, 20060912, 38, 20060920, '38', 11416, 15200);
INSERT INTO Orders (Order_id, Order_CreateDate, Order_pickupDate, Order_pickupStore, Order_Return_Date, Order_ReturnStore, Customer_id, Car_id) VALUES (439, 20060912, 20060912, 19, 20060920, '39', 11414, 15220);
INSERT INTO Orders (Order_id, Order_CreateDate, Order_pickupDate, Order_pickupStore, Order_Return_Date, Order_ReturnStore, Customer_id, Car_id) VALUES (440, 20060913, 20060914, 40, 20060914, '1', 11418, 15241);
INSERT INTO Orders (Order_id, Order_CreateDate, Order_pickupDate, Order_pickupStore, Order_Return_Date, Order_ReturnStore, Customer_id, Car_id) VALUES (441, 20060914, 20060914, 1, 20060926, '13', 11418, 15241);
INSERT INTO Orders (Order_id, Order_CreateDate, Order_pickupDate, Order_pickupStore, Order_Return_Date, Order_ReturnStore, Customer_id, Car_id) VALUES (442, 20060915, 20060916, 2, 20060928, '14', 11415, 15242);
INSERT INTO Orders (Order_id, Order_CreateDate, Order_pickupDate, Order_pickupStore, Order_Return_Date, Order_ReturnStore, Customer_id, Car_id) VALUES (443, 20060916, 20060916, 3, 20060928, '15', 11416, 15243);
INSERT INTO Orders (Order_id, Order_CreateDate, Order_pickupDate, Order_pickupStore, Order_Return_Date, Order_ReturnStore, Customer_id, Car_id) VALUES (444, 20060917, 20060918, 4, 20061006, '22', 11410, 15244);
INSERT INTO Orders (Order_id, Order_CreateDate, Order_pickupDate, Order_pickupStore, Order_Return_Date, Order_ReturnStore, Customer_id, Car_id) VALUES (445, 20060918, 20060918, 25, 20061010, '27', 11412, 15245);
INSERT INTO Orders (Order_id, Order_CreateDate, Order_pickupDate, Order_pickupStore, Order_Return_Date, Order_ReturnStore, Customer_id, Car_id) VALUES (446, 20060919, 20060922, 6, 20060928, '6', 11416, 15246);
INSERT INTO Orders (Order_id, Order_CreateDate, Order_pickupDate, Order_pickupStore, Order_Return_Date, Order_ReturnStore, Customer_id, Car_id) VALUES (447, 20060920, 20060920, 7, 20061002, '19', 11419, 15247);
INSERT INTO Orders (Order_id, Order_CreateDate, Order_pickupDate, Order_pickupStore, Order_Return_Date, Order_ReturnStore, Customer_id, Car_id) VALUES (448, 20060921, 20060922, 28, 20061012, '10', 11412, 15248);
INSERT INTO Orders (Order_id, Order_CreateDate, Order_pickupDate, Order_pickupStore, Order_Return_Date, Order_ReturnStore, Customer_id, Car_id) VALUES (449, 20060922, 20060922, 9, 20061010, '17', 11415, 15249);
INSERT INTO Orders (Order_id, Order_CreateDate, Order_pickupDate, Order_pickupStore, Order_Return_Date, Order_ReturnStore, Customer_id, Car_id) VALUES (450, 20060923, 20060926, 12, 20061011, '10', 11414, 15250);
INSERT INTO Orders (Order_id, Order_CreateDate, Order_pickupDate, Order_pickupStore, Order_Return_Date, Order_ReturnStore, Customer_id, Car_id) VALUES (451, 20060924, 20060925, 26, 20061015, '26', 11417, 15225);
INSERT INTO Orders (Order_id, Order_CreateDate, Order_pickupDate, Order_pickupStore, Order_Return_Date, Order_ReturnStore, Customer_id, Car_id) VALUES (452, 20060925, 20060926, 14, 20061016, '14', 11412, 15224);
INSERT INTO Orders (Order_id, Order_CreateDate, Order_pickupDate, Order_pickupStore, Order_Return_Date, Order_ReturnStore, Customer_id, Car_id) VALUES (453, 20060926, 20060926, 13, 20061012, '29', 11419, 15241);
INSERT INTO Orders (Order_id, Order_CreateDate, Order_pickupDate, Order_pickupStore, Order_Return_Date, Order_ReturnStore, Customer_id, Car_id) VALUES (454, 20060927, 20060928, 14, 20061010, '24', 11419, 15242);
INSERT INTO Orders (Order_id, Order_CreateDate, Order_pickupDate, Order_pickupStore, Order_Return_Date, Order_ReturnStore, Customer_id, Car_id) VALUES (455, 20060928, 20060928, 15, 20061012, '13', 11415, 15243);
INSERT INTO Orders (Order_id, Order_CreateDate, Order_pickupDate, Order_pickupStore, Order_Return_Date, Order_ReturnStore, Customer_id, Car_id) VALUES (456, 20060929, 20060929, 13, 20061003, '17', 11417, 15243);
INSERT INTO Orders (Order_id, Order_CreateDate, Order_pickupDate, Order_pickupStore, Order_Return_Date, Order_ReturnStore, Customer_id, Car_id) VALUES (457, 20060930, 20060930, 17, 20061008, '25', 11416, 15249);
INSERT INTO Orders (Order_id, Order_CreateDate, Order_pickupDate, Order_pickupStore, Order_Return_Date, Order_ReturnStore, Customer_id, Car_id) VALUES (458, 20061001, 20061001, 18, 20061010, '18', 11413, 15240);
INSERT INTO Orders (Order_id, Order_CreateDate, Order_pickupDate, Order_pickupStore, Order_Return_Date, Order_ReturnStore, Customer_id, Car_id) VALUES (459, 20061002, 20061002, 19, 20061018, '35', 11419, 15247);
INSERT INTO Orders (Order_id, Order_CreateDate, Order_pickupDate, Order_pickupStore, Order_Return_Date, Order_ReturnStore, Customer_id, Car_id) VALUES (460, 20061003, 20061003, 17, 20061004, '18', 11411, 15243);
INSERT INTO Orders (Order_id, Order_CreateDate, Order_pickupDate, Order_pickupStore, Order_Return_Date, Order_ReturnStore, Customer_id, Car_id) VALUES (461, 20061004, 20061004, 18, 20061007, '20', 11411, 15243);
INSERT INTO Orders (Order_id, Order_CreateDate, Order_pickupDate, Order_pickupStore, Order_Return_Date, Order_ReturnStore, Customer_id, Car_id) VALUES (462, 20061005, 20061006, 22, 20061010, '26', 11416, 15244);
INSERT INTO Orders (Order_id, Order_CreateDate, Order_pickupDate, Order_pickupStore, Order_Return_Date, Order_ReturnStore, Customer_id, Car_id) VALUES (463, 20061006, 20061007, 20, 20061016, '32', 11411, 15243);
INSERT INTO Orders (Order_id, Order_CreateDate, Order_pickupDate, Order_pickupStore, Order_Return_Date, Order_ReturnStore, Customer_id, Car_id) VALUES (464, 20061007, 20061010, 24, 20061016, '30', 11419, 15242);
INSERT INTO Orders (Order_id, Order_CreateDate, Order_pickupDate, Order_pickupStore, Order_Return_Date, Order_ReturnStore, Customer_id, Car_id) VALUES (465, 20061008, 20061008, 25, 20061014, '31', 11412, 15249);
INSERT INTO Orders (Order_id, Order_CreateDate, Order_pickupDate, Order_pickupStore, Order_Return_Date, Order_ReturnStore, Customer_id, Car_id) VALUES (466, 20061009, 20061010, 26, 20061014, '26', 11415, 15244);
INSERT INTO Orders (Order_id, Order_CreateDate, Order_pickupDate, Order_pickupStore, Order_Return_Date, Order_ReturnStore, Customer_id, Car_id) VALUES (467, 20061010, 20061010, 27, 20061016, '33', 11415, 15245);
INSERT INTO Orders (Order_id, Order_CreateDate, Order_pickupDate, Order_pickupStore, Order_Return_Date, Order_ReturnStore, Customer_id, Car_id) VALUES (468, 20061011, 20061012, 10, 20061019, '28', 11414, 15248);
INSERT INTO Orders (Order_id, Order_CreateDate, Order_pickupDate, Order_pickupStore, Order_Return_Date, Order_ReturnStore, Customer_id, Car_id) VALUES (469, 20061012, 20061012, 29, 20061024, '40', 11416, 15241);
INSERT INTO Orders (Order_id, Order_CreateDate, Order_pickupDate, Order_pickupStore, Order_Return_Date, Order_ReturnStore, Customer_id, Car_id) VALUES (470, 20061013, 20061016, 30, 20061018, '16', 11413, 15242);
INSERT INTO Orders (Order_id, Order_CreateDate, Order_pickupDate, Order_pickupStore, Order_Return_Date, Order_ReturnStore, Customer_id, Car_id) VALUES (471, 20061014, 20061014, 31, 20061019, '31', 11415, 15249);
INSERT INTO Orders (Order_id, Order_CreateDate, Order_pickupDate, Order_pickupStore, Order_Return_Date, Order_ReturnStore, Customer_id, Car_id) VALUES (472, 20061015, 20061016, 32, 20061023, '32', 11410, 15243);
INSERT INTO Orders (Order_id, Order_CreateDate, Order_pickupDate, Order_pickupStore, Order_Return_Date, Order_ReturnStore, Customer_id, Car_id) VALUES (473, 20061016, 20061016, 33, 20061020, '37', 11413, 15245);
INSERT INTO Orders (Order_id, Order_CreateDate, Order_pickupDate, Order_pickupStore, Order_Return_Date, Order_ReturnStore, Customer_id, Car_id) VALUES (474, 20061017, 20061018, 16, 20061025, '34', 11414, 15242);
INSERT INTO Orders (Order_id, Order_CreateDate, Order_pickupDate, Order_pickupStore, Order_Return_Date, Order_ReturnStore, Customer_id, Car_id) VALUES (475, 20061018, 20061018, 35, 20061022, '36', 11413, 15247);
INSERT INTO Orders (Order_id, Order_CreateDate, Order_pickupDate, Order_pickupStore, Order_Return_Date, Order_ReturnStore, Customer_id, Car_id) VALUES (476, 20061019, 20061022, 36, 20061027, '36', 11418, 15247);
INSERT INTO Orders (Order_id, Order_CreateDate, Order_pickupDate, Order_pickupStore, Order_Return_Date, Order_ReturnStore, Customer_id, Car_id) VALUES (477, 20061020, 20061020, 37, 20061025, '37', 11415, 15245);
INSERT INTO Orders (Order_id, Order_CreateDate, Order_pickupDate, Order_pickupStore, Order_Return_Date, Order_ReturnStore, Customer_id, Car_id) VALUES (478, 20061021, 20061021, 17, 20061022, '18', 11411, 15261);
INSERT INTO Orders (Order_id, Order_CreateDate, Order_pickupDate, Order_pickupStore, Order_Return_Date, Order_ReturnStore, Customer_id, Car_id) VALUES (479, 20061022, 20061022, 18, 20061028, '24', 11411, 15261);
INSERT INTO Orders (Order_id, Order_CreateDate, Order_pickupDate, Order_pickupStore, Order_Return_Date, Order_ReturnStore, Customer_id, Car_id) VALUES (480, 20061023, 20061024, 40, 20061111, '40', 11410, 15241);
INSERT INTO Orders (Order_id, Order_CreateDate, Order_pickupDate, Order_pickupStore, Order_Return_Date, Order_ReturnStore, Customer_id, Car_id) VALUES (481, 20061024, 20061024, 1, 20061026, '3', 11410, 15280);
INSERT INTO Orders (Order_id, Order_CreateDate, Order_pickupDate, Order_pickupStore, Order_Return_Date, Order_ReturnStore, Customer_id, Car_id) VALUES (482, 20061025, 20061028, 19, 20061027, '21', 11417, 15263);
INSERT INTO Orders (Order_id, Order_CreateDate, Order_pickupDate, Order_pickupStore, Order_Return_Date, Order_ReturnStore, Customer_id, Car_id) VALUES (483, 20061026, 20061026, 3, 20061110, '7', 11410, 15280);
INSERT INTO Orders (Order_id, Order_CreateDate, Order_pickupDate, Order_pickupStore, Order_Return_Date, Order_ReturnStore, Customer_id, Car_id) VALUES (484, 20061027, 20061027, 21, 20061108, '16', 11417, 15263);
INSERT INTO Orders (Order_id, Order_CreateDate, Order_pickupDate, Order_pickupStore, Order_Return_Date, Order_ReturnStore, Customer_id, Car_id) VALUES (485, 20061028, 20061028, 24, 20061112, '25', 11411, 15261);
INSERT INTO Orders (Order_id, Order_CreateDate, Order_pickupDate, Order_pickupStore, Order_Return_Date, Order_ReturnStore, Customer_id, Car_id) VALUES (486, 20061029, 20061029, 25, 20061103, '30', 11411, 15261);
INSERT INTO Orders (Order_id, Order_CreateDate, Order_pickupDate, Order_pickupStore, Order_Return_Date, Order_ReturnStore, Customer_id, Car_id) VALUES (487, 20061030, 20061030, 7, 20061112, '8', 11418, 15280);
INSERT INTO Orders (Order_id, Order_CreateDate, Order_pickupDate, Order_pickupStore, Order_Return_Date, Order_ReturnStore, Customer_id, Car_id) VALUES (488, 20061031, 20061031, 8, 20061103, '10', 11415, 15280);
INSERT INTO Orders (Order_id, Order_CreateDate, Order_pickupDate, Order_pickupStore, Order_Return_Date, Order_ReturnStore, Customer_id, Car_id) VALUES (489, 20061101, 20061101, 25, 20061106, '25', 11411, 15264);
INSERT INTO Orders (Order_id, Order_CreateDate, Order_pickupDate, Order_pickupStore, Order_Return_Date, Order_ReturnStore, Customer_id, Car_id) VALUES (490, 20061102, 20061103, 10, 20061105, '13', 11418, 15280);
INSERT INTO Orders (Order_id, Order_CreateDate, Order_pickupDate, Order_pickupStore, Order_Return_Date, Order_ReturnStore, Customer_id, Car_id) VALUES (491, 20061103, 20061103, 30, 20061107, '31', 11412, 15261);
INSERT INTO Orders (Order_id, Order_CreateDate, Order_pickupDate, Order_pickupStore, Order_Return_Date, Order_ReturnStore, Customer_id, Car_id) VALUES (492, 20061104, 20061107, 31, 20061125, '31', 11412, 15261);
INSERT INTO Orders (Order_id, Order_CreateDate, Order_pickupDate, Order_pickupStore, Order_Return_Date, Order_ReturnStore, Customer_id, Car_id) VALUES (493, 20061105, 20061105, 13, 20061109, '16', 11415, 15280);
INSERT INTO Orders (Order_id, Order_CreateDate, Order_pickupDate, Order_pickupStore, Order_Return_Date, Order_ReturnStore, Customer_id, Car_id) VALUES (494, 20061106, 20061109, 12, 20061111, '18', 11459, 15282);
INSERT INTO Orders (Order_id, Order_CreateDate, Order_pickupDate, Order_pickupStore, Order_Return_Date, Order_ReturnStore, Customer_id, Car_id) VALUES (495, 20061107, 20061108, 16, 20061128, '16', 11412, 15263);
INSERT INTO Orders (Order_id, Order_CreateDate, Order_pickupDate, Order_pickupStore, Order_Return_Date, Order_ReturnStore, Customer_id, Car_id) VALUES (496, 20061108, 20061109, 16, 20061129, '36', 11413, 15280);
INSERT INTO Orders (Order_id, Order_CreateDate, Order_pickupDate, Order_pickupStore, Order_Return_Date, Order_ReturnStore, Customer_id, Car_id) VALUES (497, 20061109, 20061109, 13, 20061210, '13', 11417, 15284);
INSERT INTO Orders (Order_id, Order_CreateDate, Order_pickupDate, Order_pickupStore, Order_Return_Date, Order_ReturnStore, Customer_id, Car_id) VALUES (498, 20061110, 20061110, 19, 20061118, '18', 11414, 15260);
INSERT INTO Orders (Order_id, Order_CreateDate, Order_pickupDate, Order_pickupStore, Order_Return_Date, Order_ReturnStore, Customer_id, Car_id) VALUES (499, 20061111, 20061112, 20, 20061119, '19', 11414, 15259);
INSERT INTO Orders (Order_id, Order_CreateDate, Order_pickupDate, Order_pickupStore, Order_Return_Date, Order_ReturnStore, Customer_id, Car_id) VALUES (500, 20061112, 20061115, 21, 20061210, '18', 11412, 15300);
INSERT INTO Orders (Order_id, Order_CreateDate, Order_pickupDate, Order_pickupStore, Order_Return_Date, Order_ReturnStore, Customer_id, Car_id) VALUES (501, 20061113, 20061113, 21, 20061118, '14', 11559, 15301);
INSERT INTO Orders (Order_id, Order_CreateDate, Order_pickupDate, Order_pickupStore, Order_Return_Date, Order_ReturnStore, Customer_id, Car_id) VALUES (502, 20061114, 20061114, 18, 20061215, '18', 11552, 15302);
INSERT INTO Orders (Order_id, Order_CreateDate, Order_pickupDate, Order_pickupStore, Order_Return_Date, Order_ReturnStore, Customer_id, Car_id) VALUES (503, 20061115, 20061115, 23, 20061120, '8', 11559, 15303);
INSERT INTO Orders (Order_id, Order_CreateDate, Order_pickupDate, Order_pickupStore, Order_Return_Date, Order_ReturnStore, Customer_id, Car_id) VALUES (504, 20061116, 20061119, 24, 20061124, '13', 11554, 15304);
INSERT INTO Orders (Order_id, Order_CreateDate, Order_pickupDate, Order_pickupStore, Order_Return_Date, Order_ReturnStore, Customer_id, Car_id) VALUES (505, 20061117, 20061118, 26, 20061218, '26', 11557, 15305);
INSERT INTO Orders (Order_id, Order_CreateDate, Order_pickupDate, Order_pickupStore, Order_Return_Date, Order_ReturnStore, Customer_id, Car_id) VALUES (506, 20061118, 20061119, 26, 20061127, '26', 11556, 15306);
INSERT INTO Orders (Order_id, Order_CreateDate, Order_pickupDate, Order_pickupStore, Order_Return_Date, Order_ReturnStore, Customer_id, Car_id) VALUES (507, 20061119, 20061119, 27, 20061127, '16', 11554, 15307);
INSERT INTO Orders (Order_id, Order_CreateDate, Order_pickupDate, Order_pickupStore, Order_Return_Date, Order_ReturnStore, Customer_id, Car_id) VALUES (508, 20061120, 20061121, 28, 20061128, '28', 11550, 15308);
INSERT INTO Orders (Order_id, Order_CreateDate, Order_pickupDate, Order_pickupStore, Order_Return_Date, Order_ReturnStore, Customer_id, Car_id) VALUES (509, 20061121, 20061121, 29, 20061129, '29', 11550, 15309);
INSERT INTO Orders (Order_id, Order_CreateDate, Order_pickupDate, Order_pickupStore, Order_Return_Date, Order_ReturnStore, Customer_id, Car_id) VALUES (510, 20061122, 20061125, 30, 20061210, '11', 11554, 15310);
INSERT INTO Orders (Order_id, Order_CreateDate, Order_pickupDate, Order_pickupStore, Order_Return_Date, Order_ReturnStore, Customer_id, Car_id) VALUES (511, 20061123, 20061124, 14, 20061126, '15', 11557, 15297);
INSERT INTO Orders (Order_id, Order_CreateDate, Order_pickupDate, Order_pickupStore, Order_Return_Date, Order_ReturnStore, Customer_id, Car_id) VALUES (512, 20061124, 20061127, 15, 20061126, '16', 11557, 15297);
INSERT INTO Orders (Order_id, Order_CreateDate, Order_pickupDate, Order_pickupStore, Order_Return_Date, Order_ReturnStore, Customer_id, Car_id) VALUES (513, 20061125, 20061126, 16, 20061126, '17', 11557, 15297);
INSERT INTO Orders (Order_id, Order_CreateDate, Order_pickupDate, Order_pickupStore, Order_Return_Date, Order_ReturnStore, Customer_id, Car_id) VALUES (514, 20061126, 20061126, 17, 20061127, '18', 11558, 15297);
INSERT INTO Orders (Order_id, Order_CreateDate, Order_pickupDate, Order_pickupStore, Order_Return_Date, Order_ReturnStore, Customer_id, Car_id) VALUES (515, 20061127, 20061127, 18, 20061215, '18', 11558, 15297);
INSERT INTO Orders (Order_id, Order_CreateDate, Order_pickupDate, Order_pickupStore, Order_Return_Date, Order_ReturnStore, Customer_id, Car_id) VALUES (516, 20061128, 20061128, 36, 20061129, '37', 11556, 15280);
INSERT INTO Orders (Order_id, Order_CreateDate, Order_pickupDate, Order_pickupStore, Order_Return_Date, Order_ReturnStore, Customer_id, Car_id) VALUES (517, 20061129, 20061129, 37, 20061201, '39', 11550, 15280);
INSERT INTO Orders (Order_id, Order_CreateDate, Order_pickupDate, Order_pickupStore, Order_Return_Date, Order_ReturnStore, Customer_id, Car_id) VALUES (518, 20061130, 20061130, 18, 20061215, '18', 11535, 15300);
INSERT INTO Orders (Order_id, Order_CreateDate, Order_pickupDate, Order_pickupStore, Order_Return_Date, Order_ReturnStore, Customer_id, Car_id) VALUES (519, 20061201, 20061201, 39, 20061209, '39', 11550, 15280);
INSERT INTO Orders (Order_id, Order_CreateDate, Order_pickupDate, Order_pickupStore, Order_Return_Date, Order_ReturnStore, Customer_id, Car_id) VALUES (520, 20061202, 20061203, 40, 20061209, '7', 11551, 15327);
INSERT INTO Orders (Order_id, Order_CreateDate, Order_pickupDate, Order_pickupStore, Order_Return_Date, Order_ReturnStore, Customer_id, Car_id) VALUES (521, 20061203, 20061203, 1, 20070108, '18', 11551, 15321);
INSERT INTO Orders (Order_id, Order_CreateDate, Order_pickupDate, Order_pickupStore, Order_Return_Date, Order_ReturnStore, Customer_id, Car_id) VALUES (522, 20061204, 20061205, 20, 20061213, '11', 11535, 15322);
INSERT INTO Orders (Order_id, Order_CreateDate, Order_pickupDate, Order_pickupStore, Order_Return_Date, Order_ReturnStore, Customer_id, Car_id) VALUES (523, 20061205, 20061205, 24, 20061219, '16', 11558, 15323);
INSERT INTO Orders (Order_id, Order_CreateDate, Order_pickupDate, Order_pickupStore, Order_Return_Date, Order_ReturnStore, Customer_id, Car_id) VALUES (524, 20061206, 20061207, 4, 20061215, '13', 11556, 15324);
INSERT INTO Orders (Order_id, Order_CreateDate, Order_pickupDate, Order_pickupStore, Order_Return_Date, Order_ReturnStore, Customer_id, Car_id) VALUES (525, 20061207, 20061207, 5, 20061217, '15', 11553, 15325);
INSERT INTO Orders (Order_id, Order_CreateDate, Order_pickupDate, Order_pickupStore, Order_Return_Date, Order_ReturnStore, Customer_id, Car_id) VALUES (526, 20061208, 20061208, 6, 20070112, '40', 11559, 15326);
INSERT INTO Orders (Order_id, Order_CreateDate, Order_pickupDate, Order_pickupStore, Order_Return_Date, Order_ReturnStore, Customer_id, Car_id) VALUES (527, 20061209, 20061209, 7, 20070102, '31', 11554, 15327);
INSERT INTO Orders (Order_id, Order_CreateDate, Order_pickupDate, Order_pickupStore, Order_Return_Date, Order_ReturnStore, Customer_id, Car_id) VALUES (528, 20061210, 20061211, 8, 20061220, '18', 11553, 15328);
INSERT INTO Orders (Order_id, Order_CreateDate, Order_pickupDate, Order_pickupStore, Order_Return_Date, Order_ReturnStore, Customer_id, Car_id) VALUES (529, 20061211, 20061211, 9, 20061221, '19', 11554, 15329);
INSERT INTO Orders (Order_id, Order_CreateDate, Order_pickupDate, Order_pickupStore, Order_Return_Date, Order_ReturnStore, Customer_id, Car_id) VALUES (530, 20061212, 20061213, 10, 20061221, '10', 11553, 15330);
INSERT INTO Orders (Order_id, Order_CreateDate, Order_pickupDate, Order_pickupStore, Order_Return_Date, Order_ReturnStore, Customer_id, Car_id) VALUES (531, 20061213, 20061213, 11, 20061222, '11', 11553, 15322);
INSERT INTO Orders (Order_id, Order_CreateDate, Order_pickupDate, Order_pickupStore, Order_Return_Date, Order_ReturnStore, Customer_id, Car_id) VALUES (532, 20061214, 20061214, 15, 20061216, '17', 11558, 15317);
INSERT INTO Orders (Order_id, Order_CreateDate, Order_pickupDate, Order_pickupStore, Order_Return_Date, Order_ReturnStore, Customer_id, Car_id) VALUES (533, 20061215, 20061215, 13, 20061219, '17', 11553, 15324);
INSERT INTO Orders (Order_id, Order_CreateDate, Order_pickupDate, Order_pickupStore, Order_Return_Date, Order_ReturnStore, Customer_id, Car_id) VALUES (534, 20061216, 20061216, 17, 20070117, '17', 11557, 15317);
INSERT INTO Orders (Order_id, Order_CreateDate, Order_pickupDate, Order_pickupStore, Order_Return_Date, Order_ReturnStore, Customer_id, Car_id) VALUES (535, 20061217, 20061217, 15, 20061225, '15', 11550, 15325);
INSERT INTO Orders (Order_id, Order_CreateDate, Order_pickupDate, Order_pickupStore, Order_Return_Date, Order_ReturnStore, Customer_id, Car_id) VALUES (536, 20061218, 20061219, 16, 20070106, '34', 11551, 15323);
INSERT INTO Orders (Order_id, Order_CreateDate, Order_pickupDate, Order_pickupStore, Order_Return_Date, Order_ReturnStore, Customer_id, Car_id) VALUES (537, 20061219, 20061219, 17, 20070106, '35', 11551, 15324);
INSERT INTO Orders (Order_id, Order_CreateDate, Order_pickupDate, Order_pickupStore, Order_Return_Date, Order_ReturnStore, Customer_id, Car_id) VALUES (538, 20061220, 20061220, 18, 20070110, '39', 11550, 15328);
INSERT INTO Orders (Order_id, Order_CreateDate, Order_pickupDate, Order_pickupStore, Order_Return_Date, Order_ReturnStore, Customer_id, Car_id) VALUES (539, 20061221, 20061221, 19, 20061229, '19', 11550, 15329);
INSERT INTO Orders (Order_id, Order_CreateDate, Order_pickupDate, Order_pickupStore, Order_Return_Date, Order_ReturnStore, Customer_id, Car_id) VALUES (540, 20061222, 20061223, 20, 20070108, '16', 11535, 15340);
INSERT INTO Orders (Order_id, Order_CreateDate, Order_pickupDate, Order_pickupStore, Order_Return_Date, Order_ReturnStore, Customer_id, Car_id) VALUES (541, 20061223, 20061223, 21, 20061228, '21', 11551, 15341);
INSERT INTO Orders (Order_id, Order_CreateDate, Order_pickupDate, Order_pickupStore, Order_Return_Date, Order_ReturnStore, Customer_id, Car_id) VALUES (542, 20061224, 20061225, 26, 20070113, '26', 11513, 15342);
INSERT INTO Orders (Order_id, Order_CreateDate, Order_pickupDate, Order_pickupStore, Order_Return_Date, Order_ReturnStore, Customer_id, Car_id) VALUES (543, 20061225, 20061225, 23, 20070105, '9', 11514, 15343);
INSERT INTO Orders (Order_id, Order_CreateDate, Order_pickupDate, Order_pickupStore, Order_Return_Date, Order_ReturnStore, Customer_id, Car_id) VALUES (544, 20061226, 20061226, 24, 20070114, '24', 11518, 15344);
INSERT INTO Orders (Order_id, Order_CreateDate, Order_pickupDate, Order_pickupStore, Order_Return_Date, Order_ReturnStore, Customer_id, Car_id) VALUES (545, 20061227, 20061227, 25, 20070112, '11', 11519, 15345);
INSERT INTO Orders (Order_id, Order_CreateDate, Order_pickupDate, Order_pickupStore, Order_Return_Date, Order_ReturnStore, Customer_id, Car_id) VALUES (546, 20061228, 20061228, 29, 20070119, '11', 11517, 15346);
INSERT INTO Orders (Order_id, Order_CreateDate, Order_pickupDate, Order_pickupStore, Order_Return_Date, Order_ReturnStore, Customer_id, Car_id) VALUES (547, 20061229, 20061229, 9, 20070114, '13', 11519, 15347);
INSERT INTO Orders (Order_id, Order_CreateDate, Order_pickupDate, Order_pickupStore, Order_Return_Date, Order_ReturnStore, Customer_id, Car_id) VALUES (548, 20061230, 20061230, 28, 20070115, '28', 11551, 15348);
INSERT INTO Orders (Order_id, Order_CreateDate, Order_pickupDate, Order_pickupStore, Order_Return_Date, Order_ReturnStore, Customer_id, Car_id) VALUES (549, 20061231, 20061231, 29, 20070119, '29', 11550, 15349);
INSERT INTO Orders (Order_id, Order_CreateDate, Order_pickupDate, Order_pickupStore, Order_Return_Date, Order_ReturnStore, Customer_id, Car_id) VALUES (550, 20070101, 20070101, 30, 20070109, '30', 11550, 15350);
INSERT INTO Orders (Order_id, Order_CreateDate, Order_pickupDate, Order_pickupStore, Order_Return_Date, Order_ReturnStore, Customer_id, Car_id) VALUES (551, 20070102, 20070102, 31, 20070107, '31', 11515, 15327);
INSERT INTO Orders (Order_id, Order_CreateDate, Order_pickupDate, Order_pickupStore, Order_Return_Date, Order_ReturnStore, Customer_id, Car_id) VALUES (552, 20070103, 20070106, 9, 20070105, '10', 11519, 15343);
INSERT INTO Orders (Order_id, Order_CreateDate, Order_pickupDate, Order_pickupStore, Order_Return_Date, Order_ReturnStore, Customer_id, Car_id) VALUES (553, 20070104, 20070105, 10, 20070118, '21', 11519, 15343);
INSERT INTO Orders (Order_id, Order_CreateDate, Order_pickupDate, Order_pickupStore, Order_Return_Date, Order_ReturnStore, Customer_id, Car_id) VALUES (554, 20070105, 20070106, 34, 20070113, '34', 11518, 15323);
INSERT INTO Orders (Order_id, Order_CreateDate, Order_pickupDate, Order_pickupStore, Order_Return_Date, Order_ReturnStore, Customer_id, Car_id) VALUES (556, 20070107, 20070108, 16, 20070118, '26', 11512, 15324);
INSERT INTO Orders (Order_id, Order_CreateDate, Order_pickupDate, Order_pickupStore, Order_Return_Date, Order_ReturnStore, Customer_id, Car_id) VALUES (557, 20070108, 20070108, 18, 20070117, '18', 11513, 15340);
INSERT INTO Orders (Order_id, Order_CreateDate, Order_pickupDate, Order_pickupStore, Order_Return_Date, Order_ReturnStore, Customer_id, Car_id) VALUES (558, 20070109, 20070110, 38, 20070114, '38', 11511, 15321);
INSERT INTO Orders (Order_id, Order_CreateDate, Order_pickupDate, Order_pickupStore, Order_Return_Date, Order_ReturnStore, Customer_id, Car_id) VALUES (559, 20070110, 20070110, 39, 20070118, '39', 11518, 15324);
INSERT INTO Orders (Order_id, Order_CreateDate, Order_pickupDate, Order_pickupStore, Order_Return_Date, Order_ReturnStore, Customer_id, Car_id) VALUES (560, 20070111, 20070112, 40, 20070116, '40', 11511, 15328);
INSERT INTO Orders (Order_id, Order_CreateDate, Order_pickupDate, Order_pickupStore, Order_Return_Date, Order_ReturnStore, Customer_id, Car_id) VALUES (561, 20070112, 20070112, 1, 20070203, '22', 11515, 15326);
INSERT INTO Orders (Order_id, Order_CreateDate, Order_pickupDate, Order_pickupStore, Order_Return_Date, Order_ReturnStore, Customer_id, Car_id) VALUES (562, 20070113, 20070113, 23, 20070122, '23', 11516, 15367);
INSERT INTO Orders (Order_id, Order_CreateDate, Order_pickupDate, Order_pickupStore, Order_Return_Date, Order_ReturnStore, Customer_id, Car_id) VALUES (563, 20070114, 20070114, 3, 20070124, '13', 11511, 15316);
INSERT INTO Orders (Order_id, Order_CreateDate, Order_pickupDate, Order_pickupStore, Order_Return_Date, Order_ReturnStore, Customer_id, Car_id) VALUES (564, 20070115, 20070118, 21, 20070120, '11', 11519, 15369);
INSERT INTO Orders (Order_id, Order_CreateDate, Order_pickupDate, Order_pickupStore, Order_Return_Date, Order_ReturnStore, Customer_id, Car_id) VALUES (565, 20070116, 20070116, 5, 20070123, '10', 11511, 15343);
INSERT INTO Orders (Order_id, Order_CreateDate, Order_pickupDate, Order_pickupStore, Order_Return_Date, Order_ReturnStore, Customer_id, Car_id) VALUES (566, 20070117, 20070118, 26, 20070118, '27', 11517, 15361);
INSERT INTO Orders (Order_id, Order_CreateDate, Order_pickupDate, Order_pickupStore, Order_Return_Date, Order_ReturnStore, Customer_id, Car_id) VALUES (567, 20070118, 20070118, 27, 20070120, '29', 11512, 15340);
INSERT INTO Orders (Order_id, Order_CreateDate, Order_pickupDate, Order_pickupStore, Order_Return_Date, Order_ReturnStore, Customer_id, Car_id) VALUES (568, 20070119, 20070119, 11, 20070128, '11', 11516, 15340);
INSERT INTO Orders (Order_id, Order_CreateDate, Order_pickupDate, Order_pickupStore, Order_Return_Date, Order_ReturnStore, Customer_id, Car_id) VALUES (569, 20070120, 20070120, 29, 20070210, '18', 11512, 15346);
INSERT INTO Orders (Order_id, Order_CreateDate, Order_pickupDate, Order_pickupStore, Order_Return_Date, Order_ReturnStore, Customer_id, Car_id) VALUES (570, 20070121, 20070122, 10, 20070213, '12', 11515, 15340);
INSERT INTO Orders (Order_id, Order_CreateDate, Order_pickupDate, Order_pickupStore, Order_Return_Date, Order_ReturnStore, Customer_id, Car_id) VALUES (571, 20070122, 20070123, 10, 20070126, '12', 11519, 15366);
INSERT INTO Orders (Order_id, Order_CreateDate, Order_pickupDate, Order_pickupStore, Order_Return_Date, Order_ReturnStore, Customer_id, Car_id) VALUES (572, 20070123, 20070126, 12, 20070127, '14', 11514, 15361);
INSERT INTO Orders (Order_id, Order_CreateDate, Order_pickupDate, Order_pickupStore, Order_Return_Date, Order_ReturnStore, Customer_id, Car_id) VALUES (573, 20070124, 20070124, 13, 20070212, '20', 11515, 15361);
INSERT INTO Orders (Order_id, Order_CreateDate, Order_pickupDate, Order_pickupStore, Order_Return_Date, Order_ReturnStore, Customer_id, Car_id) VALUES (574, 20070125, 20070126, 14, 20070128, '17', 11514, 15369);
INSERT INTO Orders (Order_id, Order_CreateDate, Order_pickupDate, Order_pickupStore, Order_Return_Date, Order_ReturnStore, Customer_id, Car_id) VALUES (575, 20070126, 20070127, 14, 20070202, '20', 11519, 15363);
INSERT INTO Orders (Order_id, Order_CreateDate, Order_pickupDate, Order_pickupStore, Order_Return_Date, Order_ReturnStore, Customer_id, Car_id) VALUES (576, 20070127, 20070127, 18, 20070218, '18', 11512, 15361);
INSERT INTO Orders (Order_id, Order_CreateDate, Order_pickupDate, Order_pickupStore, Order_Return_Date, Order_ReturnStore, Customer_id, Car_id) VALUES (577, 20070128, 20070128, 17, 20070219, '38', 11515, 15340);
INSERT INTO Orders (Order_id, Order_CreateDate, Order_pickupDate, Order_pickupStore, Order_Return_Date, Order_ReturnStore, Customer_id, Car_id) VALUES (578, 20070129, 20070129, 18, 20070205, '25', 11515, 15363);
INSERT INTO Orders (Order_id, Order_CreateDate, Order_pickupDate, Order_pickupStore, Order_Return_Date, Order_ReturnStore, Customer_id, Car_id) VALUES (579, 20070130, 20070130, 19, 20070209, '10', 11518, 15364);
INSERT INTO Orders (Order_id, Order_CreateDate, Order_pickupDate, Order_pickupStore, Order_Return_Date, Order_ReturnStore, Customer_id, Car_id) VALUES (580, 20070131, 20070131, 20, 20070207, '9', 11514, 15368);
INSERT INTO Orders (Order_id, Order_CreateDate, Order_pickupDate, Order_pickupStore, Order_Return_Date, Order_ReturnStore, Customer_id, Car_id) VALUES (581, 20070201, 20070202, 20, 20070204, '22', 11517, 15369);
INSERT INTO Orders (Order_id, Order_CreateDate, Order_pickupDate, Order_pickupStore, Order_Return_Date, Order_ReturnStore, Customer_id, Car_id) VALUES (582, 20070202, 20070203, 22, 20070207, '22', 11511, 15361);
INSERT INTO Orders (Order_id, Order_CreateDate, Order_pickupDate, Order_pickupStore, Order_Return_Date, Order_ReturnStore, Customer_id, Car_id) VALUES (583, 20070203, 20070204, 22, 20070204, '23', 11517, 15367);
INSERT INTO Orders (Order_id, Order_CreateDate, Order_pickupDate, Order_pickupStore, Order_Return_Date, Order_ReturnStore, Customer_id, Car_id) VALUES (584, 20070204, 20070204, 23, 20070206, '25', 11510, 15361);
INSERT INTO Orders (Order_id, Order_CreateDate, Order_pickupDate, Order_pickupStore, Order_Return_Date, Order_ReturnStore, Customer_id, Car_id) VALUES (585, 20070205, 20070205, 25, 20070214, '25', 11513, 15361);
INSERT INTO Orders (Order_id, Order_CreateDate, Order_pickupDate, Order_pickupStore, Order_Return_Date, Order_ReturnStore, Customer_id, Car_id) VALUES (586, 20070206, 20070206, 25, 20070210, '28', 11512, 15364);
INSERT INTO Orders (Order_id, Order_CreateDate, Order_pickupDate, Order_pickupStore, Order_Return_Date, Order_ReturnStore, Customer_id, Car_id) VALUES (587, 20070207, 20070207, 9, 20070211, '31', 11513, 15361);
INSERT INTO Orders (Order_id, Order_CreateDate, Order_pickupDate, Order_pickupStore, Order_Return_Date, Order_ReturnStore, Customer_id, Car_id) VALUES (588, 20070208, 20070209, 10, 20070217, '10', 11516, 15369);
INSERT INTO Orders (Order_id, Order_CreateDate, Order_pickupDate, Order_pickupStore, Order_Return_Date, Order_ReturnStore, Customer_id, Car_id) VALUES (589, 20070209, 20070210, 28, 20070212, '31', 11512, 15368);
INSERT INTO Orders (Order_id, Order_CreateDate, Order_pickupDate, Order_pickupStore, Order_Return_Date, Order_ReturnStore, Customer_id, Car_id) VALUES (590, 20070210, 20070213, 12, 20070219, '12', 11513, 15361);
INSERT INTO Orders (Order_id, Order_CreateDate, Order_pickupDate, Order_pickupStore, Order_Return_Date, Order_ReturnStore, Customer_id, Car_id) VALUES (591, 20070211, 20070211, 31, 20070215, '34', 11514, 15366);
INSERT INTO Orders (Order_id, Order_CreateDate, Order_pickupDate, Order_pickupStore, Order_Return_Date, Order_ReturnStore, Customer_id, Car_id) VALUES (592, 20070212, 20070212, 31, 20070213, '33', 11517, 15369);
INSERT INTO Orders (Order_id, Order_CreateDate, Order_pickupDate, Order_pickupStore, Order_Return_Date, Order_ReturnStore, Customer_id, Car_id) VALUES (593, 20070213, 20070213, 33, 20070221, '33', 11518, 15361);
INSERT INTO Orders (Order_id, Order_CreateDate, Order_pickupDate, Order_pickupStore, Order_Return_Date, Order_ReturnStore, Customer_id, Car_id) VALUES (594, 20070214, 20070215, 34, 20070219, '34', 11515, 15361);
INSERT INTO Orders (Order_id, Order_CreateDate, Order_pickupDate, Order_pickupStore, Order_Return_Date, Order_ReturnStore, Customer_id, Car_id) VALUES (595, 20070215, 20070215, 35, 20070220, '35', 11511, 15369);
INSERT INTO Orders (Order_id, Order_CreateDate, Order_pickupDate, Order_pickupStore, Order_Return_Date, Order_ReturnStore, Customer_id, Car_id) VALUES (596, 20070216, 20070216, 17, 20070317, '17', 11512, 15360);
INSERT INTO Orders (Order_id, Order_CreateDate, Order_pickupDate, Order_pickupStore, Order_Return_Date, Order_ReturnStore, Customer_id, Car_id) VALUES (597, 20070217, 20070217, 37, 20070225, '37', 11514, 15362);
INSERT INTO Orders (Order_id, Order_CreateDate, Order_pickupDate, Order_pickupStore, Order_Return_Date, Order_ReturnStore, Customer_id, Car_id) VALUES (598, 20070218, 20070219, 38, 20070223, '38', 11511, 15365);
INSERT INTO Orders (Order_id, Order_CreateDate, Order_pickupDate, Order_pickupStore, Order_Return_Date, Order_ReturnStore, Customer_id, Car_id) VALUES (599, 20070219, 20070219, 21, 20070228, '21', 11513, 15363);
INSERT INTO Orders (Order_id, Order_CreateDate, Order_pickupDate, Order_pickupStore, Order_Return_Date, Order_ReturnStore, Customer_id, Car_id) VALUES (600, 20070220, 20070221, 40, 20070228, '40', 11514, 15357);
INSERT INTO Orders (Order_id, Order_CreateDate, Order_pickupDate, Order_pickupStore, Order_Return_Date, Order_ReturnStore, Customer_id, Car_id) VALUES (88, 20050926, 20050926, 23, 20051017, '23', 11052, 15400);
INSERT INTO Orders (Order_id, Order_CreateDate, Order_pickupDate, Order_pickupStore, Order_Return_Date, Order_ReturnStore, Customer_id, Car_id) VALUES (89, 20050927, 20050927, 21, 20051012, '21', 11051, 14888);
INSERT INTO Orders (Order_id, Order_CreateDate, Order_pickupDate, Order_pickupStore, Order_Return_Date, Order_ReturnStore, Customer_id, Car_id) VALUES (90, 20050928, 20050929, 20, 20051019, '20', 11057, 14889);
INSERT INTO Orders (Order_id, Order_CreateDate, Order_pickupDate, Order_pickupStore, Order_Return_Date, Order_ReturnStore, Customer_id, Car_id) VALUES (91, 20050929, 20050929, 11, 20051017, '10', 11014, 14890);
INSERT INTO Orders (Order_id, Order_CreateDate, Order_pickupDate, Order_pickupStore, Order_Return_Date, Order_ReturnStore, Customer_id, Car_id) VALUES (92, 20050930, 20050930, 24, 20051015, '24', 11015, 14891);
INSERT INTO Orders (Order_id, Order_CreateDate, Order_pickupDate, Order_pickupStore, Order_Return_Date, Order_ReturnStore, Customer_id, Car_id) VALUES (93, 20051001, 20051001, 21, 20051007, '26', 11012, 14892);
INSERT INTO Orders (Order_id, Order_CreateDate, Order_pickupDate, Order_pickupStore, Order_Return_Date, Order_ReturnStore, Customer_id, Car_id) VALUES (94, 20051002, 20051002, 24, 20051007, '24', 11051, 14872);
INSERT INTO Orders (Order_id, Order_CreateDate, Order_pickupDate, Order_pickupStore, Order_Return_Date, Order_ReturnStore, Customer_id, Car_id) VALUES (95, 20051003, 20051003, 25, 20051008, '25', 11015, 14894);
INSERT INTO Orders (Order_id, Order_CreateDate, Order_pickupDate, Order_pickupStore, Order_Return_Date, Order_ReturnStore, Customer_id, Car_id) VALUES (96, 20051004, 20051005, 26, 20051009, '26', 11051, 14895);
INSERT INTO Orders (Order_id, Order_CreateDate, Order_pickupDate, Order_pickupStore, Order_Return_Date, Order_ReturnStore, Customer_id, Car_id) VALUES (97, 20051005, 20051005, 17, 20051013, '14', 11014, 14896);
INSERT INTO Orders (Order_id, Order_CreateDate, Order_pickupDate, Order_pickupStore, Order_Return_Date, Order_ReturnStore, Customer_id, Car_id) VALUES (98, 20051006, 20051007, 26, 20051027, '26', 11012, 14897);
INSERT INTO Orders (Order_id, Order_CreateDate, Order_pickupDate, Order_pickupStore, Order_Return_Date, Order_ReturnStore, Customer_id, Car_id) VALUES (99, 20051007, 20051008, 14, 20051028, '14', 11017, 14872);
INSERT INTO Orders (Order_id, Order_CreateDate, Order_pickupDate, Order_pickupStore, Order_Return_Date, Order_ReturnStore, Customer_id, Car_id) VALUES (100, 20051008, 20051009, 20, 20051017, '20', 11016, 14899);
INSERT INTO Orders (Order_id, Order_CreateDate, Order_pickupDate, Order_pickupStore, Order_Return_Date, Order_ReturnStore, Customer_id, Car_id) VALUES (101, 20051009, 20051009, 21, 20051018, '21', 11113, 14900);
INSERT INTO Orders (Order_id, Order_CreateDate, Order_pickupDate, Order_pickupStore, Order_Return_Date, Order_ReturnStore, Customer_id, Car_id) VALUES (102, 20051010, 20051010, 17, 20051018, '22', 11114, 14901);
INSERT INTO Orders (Order_id, Order_CreateDate, Order_pickupDate, Order_pickupStore, Order_Return_Date, Order_ReturnStore, Customer_id, Car_id) VALUES (103, 20051011, 20051011, 18, 20051022, '10', 11114, 14902);
INSERT INTO Orders (Order_id, Order_CreateDate, Order_pickupDate, Order_pickupStore, Order_Return_Date, Order_ReturnStore, Customer_id, Car_id) VALUES (104, 20051012, 20051015, 24, 20051021, '24', 11116, 14903);
INSERT INTO Orders (Order_id, Order_CreateDate, Order_pickupDate, Order_pickupStore, Order_Return_Date, Order_ReturnStore, Customer_id, Car_id) VALUES (105, 20051013, 20051013, 25, 20051018, '25', 11115, 14904);
INSERT INTO Orders (Order_id, Order_CreateDate, Order_pickupDate, Order_pickupStore, Order_Return_Date, Order_ReturnStore, Customer_id, Car_id) VALUES (106, 20051014, 20051014, 21, 20051025, '10', 11112, 14905);
INSERT INTO Orders (Order_id, Order_CreateDate, Order_pickupDate, Order_pickupStore, Order_Return_Date, Order_ReturnStore, Customer_id, Car_id) VALUES (107, 20051015, 20051015, 27, 20051024, '27', 11113, 14906);
INSERT INTO Orders (Order_id, Order_CreateDate, Order_pickupDate, Order_pickupStore, Order_Return_Date, Order_ReturnStore, Customer_id, Car_id) VALUES (108, 20051016, 20051017, 20, 20051021, '20', 11111, 14907);
INSERT INTO Orders (Order_id, Order_CreateDate, Order_pickupDate, Order_pickupStore, Order_Return_Date, Order_ReturnStore, Customer_id, Car_id) VALUES (109, 20051017, 20051017, 29, 20051022, '15', 11119, 14908);
INSERT INTO Orders (Order_id, Order_CreateDate, Order_pickupDate, Order_pickupStore, Order_Return_Date, Order_ReturnStore, Customer_id, Car_id) VALUES (110, 20051018, 20051021, 25, 20051119, '25', 11112, 14909);
INSERT INTO Orders (Order_id, Order_CreateDate, Order_pickupDate, Order_pickupStore, Order_Return_Date, Order_ReturnStore, Customer_id, Car_id) VALUES (111, 20051019, 20051019, 21, 20051110, '21', 11117, 14910);
INSERT INTO Orders (Order_id, Order_CreateDate, Order_pickupDate, Order_pickupStore, Order_Return_Date, Order_ReturnStore, Customer_id, Car_id) VALUES (112, 20051020, 20051021, 32, 20051025, '10', 11119, 14911);
INSERT INTO Orders (Order_id, Order_CreateDate, Order_pickupDate, Order_pickupStore, Order_Return_Date, Order_ReturnStore, Customer_id, Car_id) VALUES (113, 20051021, 20051022, 10, 20051026, '14', 11114, 14912);
INSERT INTO Orders (Order_id, Order_CreateDate, Order_pickupDate, Order_pickupStore, Order_Return_Date, Order_ReturnStore, Customer_id, Car_id) VALUES (114, 20051022, 20051023, 26, 20051027, '26', 11111, 14903);
INSERT INTO Orders (Order_id, Order_CreateDate, Order_pickupDate, Order_pickupStore, Order_Return_Date, Order_ReturnStore, Customer_id, Car_id) VALUES (115, 20051023, 20051023, 35, 20051028, '35', 11115, 14914);
INSERT INTO Orders (Order_id, Order_CreateDate, Order_pickupDate, Order_pickupStore, Order_Return_Date, Order_ReturnStore, Customer_id, Car_id) VALUES (116, 20051024, 20051025, 10, 20051108, '25', 11111, 14915);
INSERT INTO Orders (Order_id, Order_CreateDate, Order_pickupDate, Order_pickupStore, Order_Return_Date, Order_ReturnStore, Customer_id, Car_id) VALUES (117, 20051025, 20051026, 14, 20051026, '15', 11114, 14906);
INSERT INTO Orders (Order_id, Order_CreateDate, Order_pickupDate, Order_pickupStore, Order_Return_Date, Order_ReturnStore, Customer_id, Car_id) VALUES (118, 20051026, 20051026, 15, 20051028, '16', 11112, 14903);
INSERT INTO Orders (Order_id, Order_CreateDate, Order_pickupDate, Order_pickupStore, Order_Return_Date, Order_ReturnStore, Customer_id, Car_id) VALUES (119, 20051027, 20051028, 16, 20051115, '39', 11114, 14903);
INSERT INTO Orders (Order_id, Order_CreateDate, Order_pickupDate, Order_pickupStore, Order_Return_Date, Order_ReturnStore, Customer_id, Car_id) VALUES (120, 20051028, 20051028, 12, 20051110, '13', 11117, 14903);
INSERT INTO Orders (Order_id, Order_CreateDate, Order_pickupDate, Order_pickupStore, Order_Return_Date, Order_ReturnStore, Customer_id, Car_id) VALUES (121, 20051029, 20051029, 18, 20051117, '1', 11114, 14920);
INSERT INTO Orders (Order_id, Order_CreateDate, Order_pickupDate, Order_pickupStore, Order_Return_Date, Order_ReturnStore, Customer_id, Car_id) VALUES (122, 20051030, 20051030, 2, 20051118, '2', 11158, 14921);
INSERT INTO Orders (Order_id, Order_CreateDate, Order_pickupDate, Order_pickupStore, Order_Return_Date, Order_ReturnStore, Customer_id, Car_id) VALUES (123, 20051031, 20051031, 3, 20051112, '9', 11116, 14922);
INSERT INTO Orders (Order_id, Order_CreateDate, Order_pickupDate, Order_pickupStore, Order_Return_Date, Order_ReturnStore, Customer_id, Car_id) VALUES (124, 20051101, 20051101, 15, 20051112, '10', 11111, 14923);
INSERT INTO Orders (Order_id, Order_CreateDate, Order_pickupDate, Order_pickupStore, Order_Return_Date, Order_ReturnStore, Customer_id, Car_id) VALUES (125, 20051102, 20051102, 5, 20051111, '5', 11116, 14924);
INSERT INTO Orders (Order_id, Order_CreateDate, Order_pickupDate, Order_pickupStore, Order_Return_Date, Order_ReturnStore, Customer_id, Car_id) VALUES (126, 20051103, 20051104, 20, 20051124, '20', 11112, 14925);
INSERT INTO Orders (Order_id, Order_CreateDate, Order_pickupDate, Order_pickupStore, Order_Return_Date, Order_ReturnStore, Customer_id, Car_id) VALUES (127, 20051104, 20051104, 7, 20051128, '24', 11115, 14926);
INSERT INTO Orders (Order_id, Order_CreateDate, Order_pickupDate, Order_pickupStore, Order_Return_Date, Order_ReturnStore, Customer_id, Car_id) VALUES (128, 20051105, 20051106, 8, 20051113, '8', 11158, 14927);
INSERT INTO Orders (Order_id, Order_CreateDate, Order_pickupDate, Order_pickupStore, Order_Return_Date, Order_ReturnStore, Customer_id, Car_id) VALUES (129, 20051106, 20051107, 20, 20051201, '25', 11159, 14928);
INSERT INTO Orders (Order_id, Order_CreateDate, Order_pickupDate, Order_pickupStore, Order_Return_Date, Order_ReturnStore, Customer_id, Car_id) VALUES (130, 20051107, 20051107, 24, 20051115, '10', 11114, 14929);
INSERT INTO Orders (Order_id, Order_CreateDate, Order_pickupDate, Order_pickupStore, Order_Return_Date, Order_ReturnStore, Customer_id, Car_id) VALUES (131, 20051108, 20051108, 25, 20051114, '31', 11157, 14930);
INSERT INTO Orders (Order_id, Order_CreateDate, Order_pickupDate, Order_pickupStore, Order_Return_Date, Order_ReturnStore, Customer_id, Car_id) VALUES (132, 20051109, 20051112, 9, 20051115, '15', 11156, 14906);
INSERT INTO Orders (Order_id, Order_CreateDate, Order_pickupDate, Order_pickupStore, Order_Return_Date, Order_ReturnStore, Customer_id, Car_id) VALUES (133, 20051110, 20051110, 13, 20051114, '16', 11158, 14923);
INSERT INTO Orders (Order_id, Order_CreateDate, Order_pickupDate, Order_pickupStore, Order_Return_Date, Order_ReturnStore, Customer_id, Car_id) VALUES (134, 20051111, 20051112, 10, 20051112, '11', 11114, 14920);
INSERT INTO Orders (Order_id, Order_CreateDate, Order_pickupDate, Order_pickupStore, Order_Return_Date, Order_ReturnStore, Customer_id, Car_id) VALUES (135, 20051112, 20051112, 11, 20051210, '28', 11150, 14924);
INSERT INTO Orders (Order_id, Order_CreateDate, Order_pickupDate, Order_pickupStore, Order_Return_Date, Order_ReturnStore, Customer_id, Car_id) VALUES (136, 20051113, 20051114, 16, 20051116, '19', 11119, 14924);
INSERT INTO Orders (Order_id, Order_CreateDate, Order_pickupDate, Order_pickupStore, Order_Return_Date, Order_ReturnStore, Customer_id, Car_id) VALUES (137, 20051114, 20051114, 31, 20051215, '31', 11157, 14920);
INSERT INTO Orders (Order_id, Order_CreateDate, Order_pickupDate, Order_pickupStore, Order_Return_Date, Order_ReturnStore, Customer_id, Car_id) VALUES (138, 20051115, 20051115, 15, 20051124, '15', 11156, 14906);
INSERT INTO Orders (Order_id, Order_CreateDate, Order_pickupDate, Order_pickupStore, Order_Return_Date, Order_ReturnStore, Customer_id, Car_id) VALUES (139, 20051116, 20051116, 19, 20051206, '36', 11151, 14923);
INSERT INTO Orders (Order_id, Order_CreateDate, Order_pickupDate, Order_pickupStore, Order_Return_Date, Order_ReturnStore, Customer_id, Car_id) VALUES (140, 20051117, 20051118, 20, 20051122, '20', 11155, 14920);
INSERT INTO Orders (Order_id, Order_CreateDate, Order_pickupDate, Order_pickupStore, Order_Return_Date, Order_ReturnStore, Customer_id, Car_id) VALUES (141, 20051118, 20051118, 21, 20051210, '12', 11154, 14940);
INSERT INTO Orders (Order_id, Order_CreateDate, Order_pickupDate, Order_pickupStore, Order_Return_Date, Order_ReturnStore, Customer_id, Car_id) VALUES (142, 20051119, 20051119, 18, 20051210, '18', 11152, 14941);
INSERT INTO Orders (Order_id, Order_CreateDate, Order_pickupDate, Order_pickupStore, Order_Return_Date, Order_ReturnStore, Customer_id, Car_id) VALUES (143, 20051120, 20051120, 23, 20051202, '12', 11154, 14942);
INSERT INTO Orders (Order_id, Order_CreateDate, Order_pickupDate, Order_pickupStore, Order_Return_Date, Order_ReturnStore, Customer_id, Car_id) VALUES (144, 20051121, 20051124, 21, 20051206, '14', 11153, 14943);
INSERT INTO Orders (Order_id, Order_CreateDate, Order_pickupDate, Order_pickupStore, Order_Return_Date, Order_ReturnStore, Customer_id, Car_id) VALUES (145, 20051122, 20051122, 25, 20051211, '25', 11116, 14944);
INSERT INTO Orders (Order_id, Order_CreateDate, Order_pickupDate, Order_pickupStore, Order_Return_Date, Order_ReturnStore, Customer_id, Car_id) VALUES (146, 20051123, 20051124, 26, 20051128, '26', 11155, 14945);
INSERT INTO Orders (Order_id, Order_CreateDate, Order_pickupDate, Order_pickupStore, Order_Return_Date, Order_ReturnStore, Customer_id, Car_id) VALUES (147, 20051124, 20051124, 18, 20051205, '10', 11117, 14946);
INSERT INTO Orders (Order_id, Order_CreateDate, Order_pickupDate, Order_pickupStore, Order_Return_Date, Order_ReturnStore, Customer_id, Car_id) VALUES (148, 20051125, 20051126, 28, 20051210, '11', 11119, 14947);
INSERT INTO Orders (Order_id, Order_CreateDate, Order_pickupDate, Order_pickupStore, Order_Return_Date, Order_ReturnStore, Customer_id, Car_id) VALUES (149, 20051126, 20051127, 26, 20051215, '26', 11153, 14948);
INSERT INTO Orders (Order_id, Order_CreateDate, Order_pickupDate, Order_pickupStore, Order_Return_Date, Order_ReturnStore, Customer_id, Car_id) VALUES (150, 20051127, 20051127, 30, 20051215, '30', 11154, 14949);
INSERT INTO Orders (Order_id, Order_CreateDate, Order_pickupDate, Order_pickupStore, Order_Return_Date, Order_ReturnStore, Customer_id, Car_id) VALUES (151, 20051128, 20051128, 24, 20051213, '24', 11111, 14950);
INSERT INTO Orders (Order_id, Order_CreateDate, Order_pickupDate, Order_pickupStore, Order_Return_Date, Order_ReturnStore, Customer_id, Car_id) VALUES (152, 20051129, 20051129, 28, 20051210, '28', 11157, 14927);
INSERT INTO Orders (Order_id, Order_CreateDate, Order_pickupDate, Order_pickupStore, Order_Return_Date, Order_ReturnStore, Customer_id, Car_id) VALUES (153, 20051130, 20051130, 12, 20051219, '12', 11153, 14924);
INSERT INTO Orders (Order_id, Order_CreateDate, Order_pickupDate, Order_pickupStore, Order_Return_Date, Order_ReturnStore, Customer_id, Car_id) VALUES (154, 20051201, 20051201, 25, 20051206, '25', 11111, 14941);
INSERT INTO Orders (Order_id, Order_CreateDate, Order_pickupDate, Order_pickupStore, Order_Return_Date, Order_ReturnStore, Customer_id, Car_id) VALUES (155, 20051202, 20051202, 12, 20051207, '16', 11156, 14929);
INSERT INTO Orders (Order_id, Order_CreateDate, Order_pickupDate, Order_pickupStore, Order_Return_Date, Order_ReturnStore, Customer_id, Car_id) VALUES (156, 20051203, 20051206, 36, 20051208, '36', 11155, 14943);
INSERT INTO Orders (Order_id, Order_CreateDate, Order_pickupDate, Order_pickupStore, Order_Return_Date, Order_ReturnStore, Customer_id, Car_id) VALUES (157, 20051204, 20051205, 10, 20051209, '12', 11159, 14920);
INSERT INTO Orders (Order_id, Order_CreateDate, Order_pickupDate, Order_pickupStore, Order_Return_Date, Order_ReturnStore, Customer_id, Car_id) VALUES (158, 20051205, 20051206, 14, 20051208, '17', 11157, 14947);
INSERT INTO Orders (Order_id, Order_CreateDate, Order_pickupDate, Order_pickupStore, Order_Return_Date, Order_ReturnStore, Customer_id, Car_id) VALUES (159, 20051206, 20051207, 16, 20051207, '17', 11156, 14944);
INSERT INTO Orders (Order_id, Order_CreateDate, Order_pickupDate, Order_pickupStore, Order_Return_Date, Order_ReturnStore, Customer_id, Car_id) VALUES (160, 20051207, 20051207, 17, 20051211, '20', 11153, 14943);
INSERT INTO Orders (Order_id, Order_CreateDate, Order_pickupDate, Order_pickupStore, Order_Return_Date, Order_ReturnStore, Customer_id, Car_id) VALUES (161, 20051208, 20051208, 17, 20051212, '20', 11152, 14943);
INSERT INTO Orders (Order_id, Order_CreateDate, Order_pickupDate, Order_pickupStore, Order_Return_Date, Order_ReturnStore, Customer_id, Car_id) VALUES (162, 20051209, 20051210, 2, 20060103, '26', 11154, 14944);
INSERT INTO Orders (Order_id, Order_CreateDate, Order_pickupDate, Order_pickupStore, Order_Return_Date, Order_ReturnStore, Customer_id, Car_id) VALUES (163, 20051210, 20051211, 20, 20051215, '25', 11156, 14967);
INSERT INTO Orders (Order_id, Order_CreateDate, Order_pickupDate, Order_pickupStore, Order_Return_Date, Order_ReturnStore, Customer_id, Car_id) VALUES (164, 20051211, 20051212, 20, 20051218, '27', 11150, 14943);
INSERT INTO Orders (Order_id, Order_CreateDate, Order_pickupDate, Order_pickupStore, Order_Return_Date, Order_ReturnStore, Customer_id, Car_id) VALUES (165, 20051212, 20051212, 5, 20051222, '15', 11158, 14944);
INSERT INTO Orders (Order_id, Order_CreateDate, Order_pickupDate, Order_pickupStore, Order_Return_Date, Order_ReturnStore, Customer_id, Car_id) VALUES (166, 20051213, 20051213, 6, 20051219, '9', 11154, 14960);
INSERT INTO Orders (Order_id, Order_CreateDate, Order_pickupDate, Order_pickupStore, Order_Return_Date, Order_ReturnStore, Customer_id, Car_id) VALUES (167, 20051214, 20051214, 7, 20051224, '14', 11154, 14961);
INSERT INTO Orders (Order_id, Order_CreateDate, Order_pickupDate, Order_pickupStore, Order_Return_Date, Order_ReturnStore, Customer_id, Car_id) VALUES (168, 20051215, 20051215, 25, 20051224, '25', 11156, 14962);
INSERT INTO Orders (Order_id, Order_CreateDate, Order_pickupDate, Order_pickupStore, Order_Return_Date, Order_ReturnStore, Customer_id, Car_id) VALUES (169, 20051216, 20051216, 9, 20051224, '9', 11158, 14943);
INSERT INTO Orders (Order_id, Order_CreateDate, Order_pickupDate, Order_pickupStore, Order_Return_Date, Order_ReturnStore, Customer_id, Car_id) VALUES (170, 20051217, 20051220, 9, 20051219, '11', 11156, 14964);
INSERT INTO Orders (Order_id, Order_CreateDate, Order_pickupDate, Order_pickupStore, Order_Return_Date, Order_ReturnStore, Customer_id, Car_id) VALUES (171, 20051218, 20051218, 27, 20051220, '29', 11157, 14961);
INSERT INTO Orders (Order_id, Order_CreateDate, Order_pickupDate, Order_pickupStore, Order_Return_Date, Order_ReturnStore, Customer_id, Car_id) VALUES (172, 20051219, 20051219, 11, 20060111, '22', 11156, 14944);
INSERT INTO Orders (Order_id, Order_CreateDate, Order_pickupDate, Order_pickupStore, Order_Return_Date, Order_ReturnStore, Customer_id, Car_id) VALUES (173, 20051220, 20051220, 29, 20060111, '29', 11152, 14961);
INSERT INTO Orders (Order_id, Order_CreateDate, Order_pickupDate, Order_pickupStore, Order_Return_Date, Order_ReturnStore, Customer_id, Car_id) VALUES (174, 20051221, 20051222, 14, 20060101, '25', 11158, 14944);
INSERT INTO Orders (Order_id, Order_CreateDate, Order_pickupDate, Order_pickupStore, Order_Return_Date, Order_ReturnStore, Customer_id, Car_id) VALUES (175, 20051222, 20051222, 15, 20060110, '15', 11158, 14969);
INSERT INTO Orders (Order_id, Order_CreateDate, Order_pickupDate, Order_pickupStore, Order_Return_Date, Order_ReturnStore, Customer_id, Car_id) VALUES (176, 20051223, 20051224, 14, 20051224, '15', 11157, 14960);
INSERT INTO Orders (Order_id, Order_CreateDate, Order_pickupDate, Order_pickupStore, Order_Return_Date, Order_ReturnStore, Customer_id, Car_id) VALUES (177, 20051224, 20051224, 15, 20051226, '16', 11152, 14962);
INSERT INTO Orders (Order_id, Order_CreateDate, Order_pickupDate, Order_pickupStore, Order_Return_Date, Order_ReturnStore, Customer_id, Car_id) VALUES (178, 20051225, 20051226, 16, 20051226, '17', 11152, 14962);
INSERT INTO Orders (Order_id, Order_CreateDate, Order_pickupDate, Order_pickupStore, Order_Return_Date, Order_ReturnStore, Customer_id, Car_id) VALUES (179, 20051226, 20051226, 17, 20051228, '20', 11152, 14962);
INSERT INTO Orders (Order_id, Order_CreateDate, Order_pickupDate, Order_pickupStore, Order_Return_Date, Order_ReturnStore, Customer_id, Car_id) VALUES (180, 20051227, 20051228, 20, 20060110, '20', 11155, 14962);
INSERT INTO Orders (Order_id, Order_CreateDate, Order_pickupDate, Order_pickupStore, Order_Return_Date, Order_ReturnStore, Customer_id, Car_id) VALUES (181, 20051228, 20051228, 21, 20060103, '21', 11154, 14962);
INSERT INTO Orders (Order_id, Order_CreateDate, Order_pickupDate, Order_pickupStore, Order_Return_Date, Order_ReturnStore, Customer_id, Car_id) VALUES (182, 20051229, 20051229, 20, 20060115, '38', 11157, 14966);
INSERT INTO Orders (Order_id, Order_CreateDate, Order_pickupDate, Order_pickupStore, Order_Return_Date, Order_ReturnStore, Customer_id, Car_id) VALUES (183, 20051230, 20051230, 22, 20060106, '30', 11156, 14962);
INSERT INTO Orders (Order_id, Order_CreateDate, Order_pickupDate, Order_pickupStore, Order_Return_Date, Order_ReturnStore, Customer_id, Car_id) VALUES (184, 20051231, 20051231, 19, 20060116, '15', 11159, 14961);
INSERT INTO Orders (Order_id, Order_CreateDate, Order_pickupDate, Order_pickupStore, Order_Return_Date, Order_ReturnStore, Customer_id, Car_id) VALUES (185, 20060101, 20060101, 25, 20060105, '28', 11158, 14965);
INSERT INTO Orders (Order_id, Order_CreateDate, Order_pickupDate, Order_pickupStore, Order_Return_Date, Order_ReturnStore, Customer_id, Car_id) VALUES (186, 20060102, 20060103, 26, 20060106, '22', 11151, 14969);
INSERT INTO Orders (Order_id, Order_CreateDate, Order_pickupDate, Order_pickupStore, Order_Return_Date, Order_ReturnStore, Customer_id, Car_id) VALUES (187, 20060103, 20060103, 21, 20060112, '21', 11153, 14967);
INSERT INTO Orders (Order_id, Order_CreateDate, Order_pickupDate, Order_pickupStore, Order_Return_Date, Order_ReturnStore, Customer_id, Car_id) VALUES (188, 20060104, 20060105, 28, 20060109, '28', 11151, 14966);
INSERT INTO Orders (Order_id, Order_CreateDate, Order_pickupDate, Order_pickupStore, Order_Return_Date, Order_ReturnStore, Customer_id, Car_id) VALUES (189, 20060105, 20060106, 22, 20060107, '24', 11157, 14969);
INSERT INTO Orders (Order_id, Order_CreateDate, Order_pickupDate, Order_pickupStore, Order_Return_Date, Order_ReturnStore, Customer_id, Car_id) VALUES (190, 20060106, 20060106, 30, 20060111, '30', 11151, 14967);
INSERT INTO Orders (Order_id, Order_CreateDate, Order_pickupDate, Order_pickupStore, Order_Return_Date, Order_ReturnStore, Customer_id, Car_id) VALUES (191, 20060107, 20060107, 24, 20060110, '26', 11152, 14961);
INSERT INTO Orders (Order_id, Order_CreateDate, Order_pickupDate, Order_pickupStore, Order_Return_Date, Order_ReturnStore, Customer_id, Car_id) VALUES (192, 20060108, 20060109, 32, 20060113, '32', 11151, 14967);
INSERT INTO Orders (Order_id, Order_CreateDate, Order_pickupDate, Order_pickupStore, Order_Return_Date, Order_ReturnStore, Customer_id, Car_id) VALUES (193, 20060109, 20060110, 26, 20060112, '28', 11157, 14963);
INSERT INTO Orders (Order_id, Order_CreateDate, Order_pickupDate, Order_pickupStore, Order_Return_Date, Order_ReturnStore, Customer_id, Car_id) VALUES (194, 20060110, 20060113, 9, 20060112, '11', 11150, 14967);
INSERT INTO Orders (Order_id, Order_CreateDate, Order_pickupDate, Order_pickupStore, Order_Return_Date, Order_ReturnStore, Customer_id, Car_id) VALUES (195, 20060111, 20060112, 28, 20060212, '28', 11152, 14985);
INSERT INTO Orders (Order_id, Order_CreateDate, Order_pickupDate, Order_pickupStore, Order_Return_Date, Order_ReturnStore, Customer_id, Car_id) VALUES (196, 20060112, 20060112, 11, 20060113, '12', 11150, 14967);
INSERT INTO Orders (Order_id, Order_CreateDate, Order_pickupDate, Order_pickupStore, Order_Return_Date, Order_ReturnStore, Customer_id, Car_id) VALUES (197, 20060113, 20060113, 12, 20060121, '12', 11150, 14985);
INSERT INTO Orders (Order_id, Order_CreateDate, Order_pickupDate, Order_pickupStore, Order_Return_Date, Order_ReturnStore, Customer_id, Car_id) VALUES (198, 20060114, 20060115, 38, 20060122, '38', 11158, 14985);
INSERT INTO Orders (Order_id, Order_CreateDate, Order_pickupDate, Order_pickupStore, Order_Return_Date, Order_ReturnStore, Customer_id, Car_id) VALUES (199, 20060115, 20060115, 15, 20060124, '15', 11156, 14962);
INSERT INTO Orders (Order_id, Order_CreateDate, Order_pickupDate, Order_pickupStore, Order_Return_Date, Order_ReturnStore, Customer_id, Car_id) VALUES (200, 20060116, 20060117, 40, 20060121, '4', 11154, 14984);
INSERT INTO Orders (Order_id, Order_CreateDate, Order_pickupDate, Order_pickupStore, Order_Return_Date, Order_ReturnStore, Customer_id, Car_id) VALUES (201, 20060117, 20060117, 1, 20060203, '18', 11250, 15004);
INSERT INTO Orders (Order_id, Order_CreateDate, Order_pickupDate, Order_pickupStore, Order_Return_Date, Order_ReturnStore, Customer_id, Car_id) VALUES (202, 20060118, 20060119, 2, 20060123, '11', 11259, 15001);
INSERT INTO Orders (Order_id, Order_CreateDate, Order_pickupDate, Order_pickupStore, Order_Return_Date, Order_ReturnStore, Customer_id, Car_id) VALUES (203, 20060119, 20060119, 18, 20060211, '12', 11258, 15002);
INSERT INTO Orders (Order_id, Order_CreateDate, Order_pickupDate, Order_pickupStore, Order_Return_Date, Order_ReturnStore, Customer_id, Car_id) VALUES (204, 20060120, 20060121, 4, 20060129, '13', 11256, 15003);
INSERT INTO Orders (Order_id, Order_CreateDate, Order_pickupDate, Order_pickupStore, Order_Return_Date, Order_ReturnStore, Customer_id, Car_id) VALUES (205, 20060121, 20060121, 5, 20060127, '11', 11251, 15004);
INSERT INTO Orders (Order_id, Order_CreateDate, Order_pickupDate, Order_pickupStore, Order_Return_Date, Order_ReturnStore, Customer_id, Car_id) VALUES (206, 20060122, 20060125, 6, 20060211, '9', 11259, 15005);
INSERT INTO Orders (Order_id, Order_CreateDate, Order_pickupDate, Order_pickupStore, Order_Return_Date, Order_ReturnStore, Customer_id, Car_id) VALUES (207, 20060123, 20060123, 7, 20060212, '7', 11253, 15006);
INSERT INTO Orders (Order_id, Order_CreateDate, Order_pickupDate, Order_pickupStore, Order_Return_Date, Order_ReturnStore, Customer_id, Car_id) VALUES (208, 20060124, 20060124, 23, 20060224, '38', 11258, 15007);
INSERT INTO Orders (Order_id, Order_CreateDate, Order_pickupDate, Order_pickupStore, Order_Return_Date, Order_ReturnStore, Customer_id, Car_id) VALUES (209, 20060125, 20060125, 9, 20060202, '16', 11253, 15008);
INSERT INTO Orders (Order_id, Order_CreateDate, Order_pickupDate, Order_pickupStore, Order_Return_Date, Order_ReturnStore, Customer_id, Car_id) VALUES (210, 20060126, 20060127, 10, 20060211, '10', 11251, 15009);
INSERT INTO Orders (Order_id, Order_CreateDate, Order_pickupDate, Order_pickupStore, Order_Return_Date, Order_ReturnStore, Customer_id, Car_id) VALUES (211, 20060127, 20060127, 11, 20060211, '14', 11254, 15010);
INSERT INTO Orders (Order_id, Order_CreateDate, Order_pickupDate, Order_pickupStore, Order_Return_Date, Order_ReturnStore, Customer_id, Car_id) VALUES (212, 20060128, 20060128, 12, 20060224, '39', 11251, 15005);
INSERT INTO Orders (Order_id, Order_CreateDate, Order_pickupDate, Order_pickupStore, Order_Return_Date, Order_ReturnStore, Customer_id, Car_id) VALUES (213, 20060129, 20060129, 13, 20060214, '14', 11259, 15003);
INSERT INTO Orders (Order_id, Order_CreateDate, Order_pickupDate, Order_pickupStore, Order_Return_Date, Order_ReturnStore, Customer_id, Car_id) VALUES (214, 20060130, 20060130, 14, 20060218, '32', 11251, 15004);
INSERT INTO Orders (Order_id, Order_CreateDate, Order_pickupDate, Order_pickupStore, Order_Return_Date, Order_ReturnStore, Customer_id, Car_id) VALUES (215, 20060131, 20060131, 9, 20060220, '28', 11255, 15005);
INSERT INTO Orders (Order_id, Order_CreateDate, Order_pickupDate, Order_pickupStore, Order_Return_Date, Order_ReturnStore, Customer_id, Car_id) VALUES (216, 20060201, 20060202, 16, 20060218, '24', 11254, 15006);
INSERT INTO Orders (Order_id, Order_CreateDate, Order_pickupDate, Order_pickupStore, Order_Return_Date, Order_ReturnStore, Customer_id, Car_id) VALUES (217, 20060202, 20060202, 17, 20060210, '17', 11250, 15009);
INSERT INTO Orders (Order_id, Order_CreateDate, Order_pickupDate, Order_pickupStore, Order_Return_Date, Order_ReturnStore, Customer_id, Car_id) VALUES (218, 20060203, 20060203, 18, 20060216, '31', 11250, 15000);
INSERT INTO Orders (Order_id, Order_CreateDate, Order_pickupDate, Order_pickupStore, Order_Return_Date, Order_ReturnStore, Customer_id, Car_id) VALUES (219, 20060204, 20060204, 31, 20060225, '31', 11257, 15001);
INSERT INTO Orders (Order_id, Order_CreateDate, Order_pickupDate, Order_pickupStore, Order_Return_Date, Order_ReturnStore, Customer_id, Car_id) VALUES (220, 20060205, 20060206, 20, 20060210, '20', 11251, 14988);
INSERT INTO Orders (Order_id, Order_CreateDate, Order_pickupDate, Order_pickupStore, Order_Return_Date, Order_ReturnStore, Customer_id, Car_id) VALUES (221, 20060206, 20060206, 15, 20060227, '15', 11257, 15020);
INSERT INTO Orders (Order_id, Order_CreateDate, Order_pickupDate, Order_pickupStore, Order_Return_Date, Order_ReturnStore, Customer_id, Car_id) VALUES (222, 20060207, 20060208, 22, 20060212, '22', 11251, 15021);
INSERT INTO Orders (Order_id, Order_CreateDate, Order_pickupDate, Order_pickupStore, Order_Return_Date, Order_ReturnStore, Customer_id, Car_id) VALUES (223, 20060208, 20060208, 23, 20060217, '23', 11253, 15022);
INSERT INTO Orders (Order_id, Order_CreateDate, Order_pickupDate, Order_pickupStore, Order_Return_Date, Order_ReturnStore, Customer_id, Car_id) VALUES (224, 20060209, 20060212, 24, 20060310, '29', 11256, 15023);
INSERT INTO Orders (Order_id, Order_CreateDate, Order_pickupDate, Order_pickupStore, Order_Return_Date, Order_ReturnStore, Customer_id, Car_id) VALUES (225, 20060210, 20060210, 19, 20060218, '19', 11258, 15024);
INSERT INTO Orders (Order_id, Order_CreateDate, Order_pickupDate, Order_pickupStore, Order_Return_Date, Order_ReturnStore, Customer_id, Car_id) VALUES (226, 20060211, 20060211, 15, 20060312, '15', 11252, 15025);
INSERT INTO Orders (Order_id, Order_CreateDate, Order_pickupDate, Order_pickupStore, Order_Return_Date, Order_ReturnStore, Customer_id, Car_id) VALUES (227, 20060212, 20060212, 27, 20060221, '27', 11256, 15026);
INSERT INTO Orders (Order_id, Order_CreateDate, Order_pickupDate, Order_pickupStore, Order_Return_Date, Order_ReturnStore, Customer_id, Car_id) VALUES (228, 20060213, 20060214, 28, 20060222, '28', 11256, 15027);
INSERT INTO Orders (Order_id, Order_CreateDate, Order_pickupDate, Order_pickupStore, Order_Return_Date, Order_ReturnStore, Customer_id, Car_id) VALUES (229, 20060214, 20060214, 29, 20060219, '11', 11259, 15028);
INSERT INTO Orders (Order_id, Order_CreateDate, Order_pickupDate, Order_pickupStore, Order_Return_Date, Order_ReturnStore, Customer_id, Car_id) VALUES (230, 20060215, 20060218, 19, 20060316, '19', 11252, 15029);
INSERT INTO Orders (Order_id, Order_CreateDate, Order_pickupDate, Order_pickupStore, Order_Return_Date, Order_ReturnStore, Customer_id, Car_id) VALUES (231, 20060216, 20060216, 31, 20060221, '31', 11251, 15030);
INSERT INTO Orders (Order_id, Order_CreateDate, Order_pickupDate, Order_pickupStore, Order_Return_Date, Order_ReturnStore, Customer_id, Car_id) VALUES (232, 20060217, 20060218, 32, 20060225, '10', 11254, 15001);
INSERT INTO Orders (Order_id, Order_CreateDate, Order_pickupDate, Order_pickupStore, Order_Return_Date, Order_ReturnStore, Customer_id, Car_id) VALUES (233, 20060218, 20060218, 24, 20060220, '35', 11255, 15005);
INSERT INTO Orders (Order_id, Order_CreateDate, Order_pickupDate, Order_pickupStore, Order_Return_Date, Order_ReturnStore, Customer_id, Car_id) VALUES (234, 20060219, 20060220, 28, 20060222, '31', 11217, 15009);
INSERT INTO Orders (Order_id, Order_CreateDate, Order_pickupDate, Order_pickupStore, Order_Return_Date, Order_ReturnStore, Customer_id, Car_id) VALUES (235, 20060220, 20060220, 35, 20060228, '35', 11256, 15006);
INSERT INTO Orders (Order_id, Order_CreateDate, Order_pickupDate, Order_pickupStore, Order_Return_Date, Order_ReturnStore, Customer_id, Car_id) VALUES (236, 20060221, 20060224, 25, 20060312, '25', 11252, 15009);
INSERT INTO Orders (Order_id, Order_CreateDate, Order_pickupDate, Order_pickupStore, Order_Return_Date, Order_ReturnStore, Customer_id, Car_id) VALUES (237, 20060222, 20060222, 31, 20060313, '31', 11217, 15011);
INSERT INTO Orders (Order_id, Order_CreateDate, Order_pickupDate, Order_pickupStore, Order_Return_Date, Order_ReturnStore, Customer_id, Car_id) VALUES (238, 20060223, 20060224, 38, 20060228, '38', 11251, 15006);
INSERT INTO Orders (Order_id, Order_CreateDate, Order_pickupDate, Order_pickupStore, Order_Return_Date, Order_ReturnStore, Customer_id, Car_id) VALUES (239, 20060224, 20060224, 39, 20060313, '39', 11256, 15008);
INSERT INTO Orders (Order_id, Order_CreateDate, Order_pickupDate, Order_pickupStore, Order_Return_Date, Order_ReturnStore, Customer_id, Car_id) VALUES (240, 20060225, 20060228, 13, 20060315, '18', 11219, 15003);
INSERT INTO Orders (Order_id, Order_CreateDate, Order_pickupDate, Order_pickupStore, Order_Return_Date, Order_ReturnStore, Customer_id, Car_id) VALUES (241, 20060226, 20060227, 14, 20060312, '15', 11219, 15040);
INSERT INTO Orders (Order_id, Order_CreateDate, Order_pickupDate, Order_pickupStore, Order_Return_Date, Order_ReturnStore, Customer_id, Car_id) VALUES (243, 20060228, 20060228, 20, 20060308, '11', 11213, 15041);
INSERT INTO Orders (Order_id, Order_CreateDate, Order_pickupDate, Order_pickupStore, Order_Return_Date, Order_ReturnStore, Customer_id, Car_id) VALUES (244, 20060301, 20060302, 4, 20060405, '39', 11218, 15043);
INSERT INTO Orders (Order_id, Order_CreateDate, Order_pickupDate, Order_pickupStore, Order_Return_Date, Order_ReturnStore, Customer_id, Car_id) VALUES (245, 20060302, 20060302, 5, 20060320, '18', 11215, 15044);
INSERT INTO Orders (Order_id, Order_CreateDate, Order_pickupDate, Order_pickupStore, Order_Return_Date, Order_ReturnStore, Customer_id, Car_id) VALUES (246, 20060303, 20060304, 22, 20060328, '30', 11217, 15045);
INSERT INTO Orders (Order_id, Order_CreateDate, Order_pickupDate, Order_pickupStore, Order_Return_Date, Order_ReturnStore, Customer_id, Car_id) VALUES (247, 20060304, 20060304, 7, 20060312, '12', 11218, 15046);
INSERT INTO Orders (Order_id, Order_CreateDate, Order_pickupDate, Order_pickupStore, Order_Return_Date, Order_ReturnStore, Customer_id, Car_id) VALUES (248, 20060305, 20060305, 25, 20060320, '22', 11216, 15047);
INSERT INTO Orders (Order_id, Order_CreateDate, Order_pickupDate, Order_pickupStore, Order_Return_Date, Order_ReturnStore, Customer_id, Car_id) VALUES (249, 20060306, 20060306, 9, 20060324, '27', 11214, 15048);
INSERT INTO Orders (Order_id, Order_CreateDate, Order_pickupDate, Order_pickupStore, Order_Return_Date, Order_ReturnStore, Customer_id, Car_id) VALUES (250, 20060307, 20060307, 23, 20060312, '11', 11219, 15049);
INSERT INTO Orders (Order_id, Order_CreateDate, Order_pickupDate, Order_pickupStore, Order_Return_Date, Order_ReturnStore, Customer_id, Car_id) VALUES (251, 20060308, 20060308, 11, 20060314, '17', 11259, 15050);
INSERT INTO Orders (Order_id, Order_CreateDate, Order_pickupDate, Order_pickupStore, Order_Return_Date, Order_ReturnStore, Customer_id, Car_id) VALUES (252, 20060309, 20060312, 12, 20060313, '9', 11254, 15043);
INSERT INTO Orders (Order_id, Order_CreateDate, Order_pickupDate, Order_pickupStore, Order_Return_Date, Order_ReturnStore, Customer_id, Car_id) VALUES (253, 20060310, 20060310, 29, 20060411, '29', 11257, 15047);
INSERT INTO Orders (Order_id, Order_CreateDate, Order_pickupDate, Order_pickupStore, Order_Return_Date, Order_ReturnStore, Customer_id, Car_id) VALUES (254, 20060311, 20060314, 12, 20060318, '20', 11210, 15024);
INSERT INTO Orders (Order_id, Order_CreateDate, Order_pickupDate, Order_pickupStore, Order_Return_Date, Order_ReturnStore, Customer_id, Car_id) VALUES (255, 20060312, 20060312, 15, 20060316, '19', 11256, 15042);
INSERT INTO Orders (Order_id, Order_CreateDate, Order_pickupDate, Order_pickupStore, Order_Return_Date, Order_ReturnStore, Customer_id, Car_id) VALUES (256, 20060313, 20060313, 9, 20060319, '14', 11252, 15041);
INSERT INTO Orders (Order_id, Order_CreateDate, Order_pickupDate, Order_pickupStore, Order_Return_Date, Order_ReturnStore, Customer_id, Car_id) VALUES (257, 20060314, 20060314, 17, 20060323, '17', 11256, 15047);
INSERT INTO Orders (Order_id, Order_CreateDate, Order_pickupDate, Order_pickupStore, Order_Return_Date, Order_ReturnStore, Customer_id, Car_id) VALUES (258, 20060315, 20060315, 18, 20060324, '24', 11251, 15043);
INSERT INTO Orders (Order_id, Order_CreateDate, Order_pickupDate, Order_pickupStore, Order_Return_Date, Order_ReturnStore, Customer_id, Car_id) VALUES (259, 20060316, 20060316, 19, 20060324, '26', 11259, 15040);
INSERT INTO Orders (Order_id, Order_CreateDate, Order_pickupDate, Order_pickupStore, Order_Return_Date, Order_ReturnStore, Customer_id, Car_id) VALUES (260, 20060317, 20060318, 20, 20060410, '31', 11259, 15041);
INSERT INTO Orders (Order_id, Order_CreateDate, Order_pickupDate, Order_pickupStore, Order_Return_Date, Order_ReturnStore, Customer_id, Car_id) VALUES (261, 20060318, 20060319, 14, 20060410, '32', 11252, 15042);
INSERT INTO Orders (Order_id, Order_CreateDate, Order_pickupDate, Order_pickupStore, Order_Return_Date, Order_ReturnStore, Customer_id, Car_id) VALUES (262, 20060319, 20060320, 22, 20060403, '37', 11253, 15047);
INSERT INTO Orders (Order_id, Order_CreateDate, Order_pickupDate, Order_pickupStore, Order_Return_Date, Order_ReturnStore, Customer_id, Car_id) VALUES (263, 20060320, 20060320, 18, 20060323, '20', 11255, 15048);
INSERT INTO Orders (Order_id, Order_CreateDate, Order_pickupDate, Order_pickupStore, Order_Return_Date, Order_ReturnStore, Customer_id, Car_id) VALUES (264, 20060321, 20060324, 24, 20060326, '28', 11256, 15045);
INSERT INTO Orders (Order_id, Order_CreateDate, Order_pickupDate, Order_pickupStore, Order_Return_Date, Order_ReturnStore, Customer_id, Car_id) VALUES (265, 20060322, 20060323, 20, 20060326, '24', 11255, 15040);
INSERT INTO Orders (Order_id, Order_CreateDate, Order_pickupDate, Order_pickupStore, Order_Return_Date, Order_ReturnStore, Customer_id, Car_id) VALUES (266, 20060323, 20060324, 26, 20060411, '26', 11250, 15045);
INSERT INTO Orders (Order_id, Order_CreateDate, Order_pickupDate, Order_pickupStore, Order_Return_Date, Order_ReturnStore, Customer_id, Car_id) VALUES (267, 20060324, 20060324, 27, 20060329, '27', 11251, 15041);
INSERT INTO Orders (Order_id, Order_CreateDate, Order_pickupDate, Order_pickupStore, Order_Return_Date, Order_ReturnStore, Customer_id, Car_id) VALUES (268, 20060325, 20060326, 28, 20060401, '35', 11259, 15049);
INSERT INTO Orders (Order_id, Order_CreateDate, Order_pickupDate, Order_pickupStore, Order_Return_Date, Order_ReturnStore, Customer_id, Car_id) VALUES (269, 20060326, 20060326, 24, 20060411, '24', 11255, 15040);
INSERT INTO Orders (Order_id, Order_CreateDate, Order_pickupDate, Order_pickupStore, Order_Return_Date, Order_ReturnStore, Customer_id, Car_id) VALUES (270, 20060327, 20060327, 30, 20060328, '31', 11253, 15045);
INSERT INTO Orders (Order_id, Order_CreateDate, Order_pickupDate, Order_pickupStore, Order_Return_Date, Order_ReturnStore, Customer_id, Car_id) VALUES (271, 20060328, 20060328, 31, 20060412, '34', 11254, 15046);
INSERT INTO Orders (Order_id, Order_CreateDate, Order_pickupDate, Order_pickupStore, Order_Return_Date, Order_ReturnStore, Customer_id, Car_id) VALUES (272, 20060329, 20060329, 32, 20060405, '36', 11254, 15046);
INSERT INTO Orders (Order_id, Order_CreateDate, Order_pickupDate, Order_pickupStore, Order_Return_Date, Order_ReturnStore, Customer_id, Car_id) VALUES (273, 20060330, 20060330, 31, 20060411, '31', 11257, 15047);
INSERT INTO Orders (Order_id, Order_CreateDate, Order_pickupDate, Order_pickupStore, Order_Return_Date, Order_ReturnStore, Customer_id, Car_id) VALUES (274, 20060331, 20060331, 34, 20060416, '34', 11251, 15042);
INSERT INTO Orders (Order_id, Order_CreateDate, Order_pickupDate, Order_pickupStore, Order_Return_Date, Order_ReturnStore, Customer_id, Car_id) VALUES (275, 20060401, 20060401, 35, 20060410, '35', 11256, 15046);
INSERT INTO Orders (Order_id, Order_CreateDate, Order_pickupDate, Order_pickupStore, Order_Return_Date, Order_ReturnStore, Customer_id, Car_id) VALUES (276, 20060402, 20060405, 36, 20060407, '15', 11259, 15040);
INSERT INTO Orders (Order_id, Order_CreateDate, Order_pickupDate, Order_pickupStore, Order_Return_Date, Order_ReturnStore, Customer_id, Car_id) VALUES (277, 20060403, 20060403, 37, 20060408, '8', 11259, 15047);
INSERT INTO Orders (Order_id, Order_CreateDate, Order_pickupDate, Order_pickupStore, Order_Return_Date, Order_ReturnStore, Customer_id, Car_id) VALUES (278, 20060404, 20060404, 12, 20060415, '22', 11255, 15048);
INSERT INTO Orders (Order_id, Order_CreateDate, Order_pickupDate, Order_pickupStore, Order_Return_Date, Order_ReturnStore, Customer_id, Car_id) VALUES (279, 20060405, 20060405, 39, 20060414, '39', 11256, 15066);
INSERT INTO Orders (Order_id, Order_CreateDate, Order_pickupDate, Order_pickupStore, Order_Return_Date, Order_ReturnStore, Customer_id, Car_id) VALUES (280, 20060406, 20060406, 17, 20060413, '24', 11257, 15044);
INSERT INTO Orders (Order_id, Order_CreateDate, Order_pickupDate, Order_pickupStore, Order_Return_Date, Order_ReturnStore, Customer_id, Car_id) VALUES (281, 20060407, 20060407, 1, 20060513, '37', 11251, 15063);
INSERT INTO Orders (Order_id, Order_CreateDate, Order_pickupDate, Order_pickupStore, Order_Return_Date, Order_ReturnStore, Customer_id, Car_id) VALUES (282, 20060408, 20060409, 2, 20060417, '2', 11256, 15082);
INSERT INTO Orders (Order_id, Order_CreateDate, Order_pickupDate, Order_pickupStore, Order_Return_Date, Order_ReturnStore, Customer_id, Car_id) VALUES (283, 20060409, 20060409, 15, 20060411, '17', 11252, 15087);
INSERT INTO Orders (Order_id, Order_CreateDate, Order_pickupDate, Order_pickupStore, Order_Return_Date, Order_ReturnStore, Customer_id, Car_id) VALUES (284, 20060410, 20060411, 4, 20060419, '13', 11254, 15068);
INSERT INTO Orders (Order_id, Order_CreateDate, Order_pickupDate, Order_pickupStore, Order_Return_Date, Order_ReturnStore, Customer_id, Car_id) VALUES (285, 20060411, 20060411, 17, 20060512, '17', 11252, 15088);
INSERT INTO Orders (Order_id, Order_CreateDate, Order_pickupDate, Order_pickupStore, Order_Return_Date, Order_ReturnStore, Customer_id, Car_id) VALUES (286, 20060412, 20060412, 6, 20060419, '9', 11256, 15068);
INSERT INTO Orders (Order_id, Order_CreateDate, Order_pickupDate, Order_pickupStore, Order_Return_Date, Order_ReturnStore, Customer_id, Car_id) VALUES (287, 20060413, 20060413, 24, 20060416, '26', 11258, 15081);
INSERT INTO Orders (Order_id, Order_CreateDate, Order_pickupDate, Order_pickupStore, Order_Return_Date, Order_ReturnStore, Customer_id, Car_id) VALUES (288, 20060414, 20060415, 22, 20060419, '22', 11255, 15063);
INSERT INTO Orders (Order_id, Order_CreateDate, Order_pickupDate, Order_pickupStore, Order_Return_Date, Order_ReturnStore, Customer_id, Car_id) VALUES (289, 20060415, 20060416, 26, 20060423, '31', 11258, 15066);
INSERT INTO Orders (Order_id, Order_CreateDate, Order_pickupDate, Order_pickupStore, Order_Return_Date, Order_ReturnStore, Customer_id, Car_id) VALUES (290, 20060416, 20060419, 9, 20060424, '17', 11258, 15063);
INSERT INTO Orders (Order_id, Order_CreateDate, Order_pickupDate, Order_pickupStore, Order_Return_Date, Order_ReturnStore, Customer_id, Car_id) VALUES (291, 20060417, 20060417, 11, 20060507, '31', 11250, 15081);
INSERT INTO Orders (Order_id, Order_CreateDate, Order_pickupDate, Order_pickupStore, Order_Return_Date, Order_ReturnStore, Customer_id, Car_id) VALUES (292, 20060418, 20060418, 12, 20060515, '39', 11251, 15085);
INSERT INTO Orders (Order_id, Order_CreateDate, Order_pickupDate, Order_pickupStore, Order_Return_Date, Order_ReturnStore, Customer_id, Car_id) VALUES (293, 20060419, 20060419, 13, 20060423, '17', 11256, 15083);
INSERT INTO Orders (Order_id, Order_CreateDate, Order_pickupDate, Order_pickupStore, Order_Return_Date, Order_ReturnStore, Customer_id, Car_id) VALUES (294, 20060420, 20060423, 31, 20060511, '31', 11257, 15088);
INSERT INTO Orders (Order_id, Order_CreateDate, Order_pickupDate, Order_pickupStore, Order_Return_Date, Order_ReturnStore, Customer_id, Car_id) VALUES (295, 20060421, 20060421, 11, 20060426, '11', 11255, 15063);
INSERT INTO Orders (Order_id, Order_CreateDate, Order_pickupDate, Order_pickupStore, Order_Return_Date, Order_ReturnStore, Customer_id, Car_id) VALUES (296, 20060422, 20060423, 16, 20060425, '19', 11254, 15084);
INSERT INTO Orders (Order_id, Order_CreateDate, Order_pickupDate, Order_pickupStore, Order_Return_Date, Order_ReturnStore, Customer_id, Car_id) VALUES (297, 20060423, 20060423, 17, 20060428, '12', 11259, 15080);
INSERT INTO Orders (Order_id, Order_CreateDate, Order_pickupDate, Order_pickupStore, Order_Return_Date, Order_ReturnStore, Customer_id, Car_id) VALUES (298, 20060424, 20060424, 17, 20060515, '17', 11257, 15088);
INSERT INTO Orders (Order_id, Order_CreateDate, Order_pickupDate, Order_pickupStore, Order_Return_Date, Order_ReturnStore, Customer_id, Car_id) VALUES (299, 20060425, 20060425, 19, 20060510, '14', 11259, 15081);
INSERT INTO Orders (Order_id, Order_CreateDate, Order_pickupDate, Order_pickupStore, Order_Return_Date, Order_ReturnStore, Customer_id, Car_id) VALUES (300, 20060426, 20060427, 20, 20060515, '20', 11253, 15080);
INSERT INTO Orders (Order_id, Order_CreateDate, Order_pickupDate, Order_pickupStore, Order_Return_Date, Order_ReturnStore, Customer_id, Car_id) VALUES (301, 20060427, 20060427, 21, 20060508, '11', 11355, 15100);
INSERT INTO Orders (Order_id, Order_CreateDate, Order_pickupDate, Order_pickupStore, Order_Return_Date, Order_ReturnStore, Customer_id, Car_id) VALUES (302, 20060428, 20060429, 22, 20060513, '10', 11359, 15101);
INSERT INTO Orders (Order_id, Order_CreateDate, Order_pickupDate, Order_pickupStore, Order_Return_Date, Order_ReturnStore, Customer_id, Car_id) VALUES (303, 20060429, 20060429, 19, 20060514, '19', 11351, 15102);
INSERT INTO Orders (Order_id, Order_CreateDate, Order_pickupDate, Order_pickupStore, Order_Return_Date, Order_ReturnStore, Customer_id, Car_id) VALUES (304, 20060430, 20060430, 24, 20060512, '12', 11350, 15103);
INSERT INTO Orders (Order_id, Order_CreateDate, Order_pickupDate, Order_pickupStore, Order_Return_Date, Order_ReturnStore, Customer_id, Car_id) VALUES (305, 20060501, 20060501, 25, 20060510, '25', 11353, 15104);
INSERT INTO Orders (Order_id, Order_CreateDate, Order_pickupDate, Order_pickupStore, Order_Return_Date, Order_ReturnStore, Customer_id, Car_id) VALUES (306, 20060502, 20060502, 23, 20060514, '12', 11354, 15105);
INSERT INTO Orders (Order_id, Order_CreateDate, Order_pickupDate, Order_pickupStore, Order_Return_Date, Order_ReturnStore, Customer_id, Car_id) VALUES (307, 20060503, 20060503, 27, 20060508, '27', 11355, 15106);
INSERT INTO Orders (Order_id, Order_CreateDate, Order_pickupDate, Order_pickupStore, Order_Return_Date, Order_ReturnStore, Customer_id, Car_id) VALUES (308, 20060504, 20060504, 25, 20060525, '25', 11352, 15107);
INSERT INTO Orders (Order_id, Order_CreateDate, Order_pickupDate, Order_pickupStore, Order_Return_Date, Order_ReturnStore, Customer_id, Car_id) VALUES (309, 20060505, 20060505, 29, 20060514, '29', 11353, 15108);
INSERT INTO Orders (Order_id, Order_CreateDate, Order_pickupDate, Order_pickupStore, Order_Return_Date, Order_ReturnStore, Customer_id, Car_id) VALUES (310, 20060506, 20060506, 24, 20060511, '24', 11351, 15109);
INSERT INTO Orders (Order_id, Order_CreateDate, Order_pickupDate, Order_pickupStore, Order_Return_Date, Order_ReturnStore, Customer_id, Car_id) VALUES (311, 20060507, 20060507, 31, 20060511, '34', 11350, 15110);
INSERT INTO Orders (Order_id, Order_CreateDate, Order_pickupDate, Order_pickupStore, Order_Return_Date, Order_ReturnStore, Customer_id, Car_id) VALUES (312, 20060508, 20060508, 11, 20060509, '12', 11354, 15085);
INSERT INTO Orders (Order_id, Order_CreateDate, Order_pickupDate, Order_pickupStore, Order_Return_Date, Order_ReturnStore, Customer_id, Car_id) VALUES (313, 20060509, 20060509, 12, 20060517, '33', 11354, 15101);
INSERT INTO Orders (Order_id, Order_CreateDate, Order_pickupDate, Order_pickupStore, Order_Return_Date, Order_ReturnStore, Customer_id, Car_id) VALUES (314, 20060510, 20060511, 34, 20060515, '12', 11359, 15101);
INSERT INTO Orders (Order_id, Order_CreateDate, Order_pickupDate, Order_pickupStore, Order_Return_Date, Order_ReturnStore, Customer_id, Car_id) VALUES (315, 20060511, 20060511, 35, 20060519, '35', 11350, 15085);
INSERT INTO Orders (Order_id, Order_CreateDate, Order_pickupDate, Order_pickupStore, Order_Return_Date, Order_ReturnStore, Customer_id, Car_id) VALUES (316, 20060512, 20060512, 12, 20060517, '12', 11351, 15089);
INSERT INTO Orders (Order_id, Order_CreateDate, Order_pickupDate, Order_pickupStore, Order_Return_Date, Order_ReturnStore, Customer_id, Car_id) VALUES (317, 20060513, 20060513, 37, 20060522, '37', 11353, 15104);
INSERT INTO Orders (Order_id, Order_CreateDate, Order_pickupDate, Order_pickupStore, Order_Return_Date, Order_ReturnStore, Customer_id, Car_id) VALUES (318, 20060514, 20060514, 12, 20060527, '25', 11357, 15082);
INSERT INTO Orders (Order_id, Order_CreateDate, Order_pickupDate, Order_pickupStore, Order_Return_Date, Order_ReturnStore, Customer_id, Car_id) VALUES (319, 20060515, 20060515, 39, 20060523, '39', 11350, 15106);
INSERT INTO Orders (Order_id, Order_CreateDate, Order_pickupDate, Order_pickupStore, Order_Return_Date, Order_ReturnStore, Customer_id, Car_id) VALUES (320, 20060516, 20060517, 40, 20060521, '4', 11350, 15083);
INSERT INTO Orders (Order_id, Order_CreateDate, Order_pickupDate, Order_pickupStore, Order_Return_Date, Order_ReturnStore, Customer_id, Car_id) VALUES (321, 20060517, 20060517, 1, 20060525, '1', 11350, 15124);
INSERT INTO Orders (Order_id, Order_CreateDate, Order_pickupDate, Order_pickupStore, Order_Return_Date, Order_ReturnStore, Customer_id, Car_id) VALUES (322, 20060518, 20060518, 21, 20060624, '38', 11354, 15121);
INSERT INTO Orders (Order_id, Order_CreateDate, Order_pickupDate, Order_pickupStore, Order_Return_Date, Order_ReturnStore, Customer_id, Car_id) VALUES (323, 20060519, 20060519, 3, 20060618, '33', 11356, 15122);
INSERT INTO Orders (Order_id, Order_CreateDate, Order_pickupDate, Order_pickupStore, Order_Return_Date, Order_ReturnStore, Customer_id, Car_id) VALUES (324, 20060520, 20060521, 4, 20060620, '34', 11353, 15123);
INSERT INTO Orders (Order_id, Order_CreateDate, Order_pickupDate, Order_pickupStore, Order_Return_Date, Order_ReturnStore, Customer_id, Car_id) VALUES (325, 20060521, 20060521, 5, 20060529, '5', 11358, 15124);
INSERT INTO Orders (Order_id, Order_CreateDate, Order_pickupDate, Order_pickupStore, Order_Return_Date, Order_ReturnStore, Customer_id, Car_id) VALUES (326, 20060522, 20060525, 25, 20060613, '25', 11352, 15125);
INSERT INTO Orders (Order_id, Order_CreateDate, Order_pickupDate, Order_pickupStore, Order_Return_Date, Order_ReturnStore, Customer_id, Car_id) VALUES (327, 20060523, 20060523, 21, 20060603, '10', 11357, 15126);
INSERT INTO Orders (Order_id, Order_CreateDate, Order_pickupDate, Order_pickupStore, Order_Return_Date, Order_ReturnStore, Customer_id, Car_id) VALUES (328, 20060524, 20060525, 8, 20060611, '14', 11358, 15127);
INSERT INTO Orders (Order_id, Order_CreateDate, Order_pickupDate, Order_pickupStore, Order_Return_Date, Order_ReturnStore, Customer_id, Car_id) VALUES (329, 20060525, 20060525, 23, 20060602, '16', 11357, 15128);

-- Table: Store
DROP TABLE IF EXISTS Store;
CREATE TABLE Store (Store_id INTEGER PRIMARY KEY, Store_name VARCHAR, Store_Address VARCHAR, Store_phone VARCHAR, Store_City VARCHAR, Store_State_name VARCHAR);
INSERT INTO Store (Store_id, Store_name, Store_Address, Store_phone, Store_City, Store_State_name) VALUES (1, 'Alexandria_stroe', '3761 N. 14th St', '1 (11) 543 535-0162', 'Alexandria                    ', 'New South Wales');
INSERT INTO Store (Store_id, Store_name, Store_Address, Store_phone, Store_City, Store_State_name) VALUES (2, 'Coffs Harbour_store', '2243 W St.', '1 (11) 543 535-0110', 'Coffs Harbour                 ', 'New South Wales');
INSERT INTO Store (Store_id, Store_name, Store_Address, Store_phone, Store_City, Store_State_name) VALUES (3, 'Darlinghurst_store', '5844 Linden Land', '1 (11) 543 535-0184', 'Darlinghurst                  ', 'New South Wales');
INSERT INTO Store (Store_id, Store_name, Store_Address, Store_phone, Store_City, Store_State_name) VALUES (4, 'Goulburn_store', '1825 Village Pl.', '1 (11) 543 535-0162', 'Goulburn                      ', 'New South Wales');
INSERT INTO Store (Store_id, Store_name, Store_Address, Store_phone, Store_City, Store_State_name) VALUES (5, 'Lane Cove_store', '7553 Harness Circle', '1 (11) 543 535-0131', 'Lane Cove                     ', 'New South Wales');
INSERT INTO Store (Store_id, Store_name, Store_Address, Store_phone, Store_City, Store_State_name) VALUES (6, 'Lavender Bay_store', '7305 Humphrey Drive', '1 (11) 543 535-0151', 'Lavender Bay                  ', 'New South Wales');
INSERT INTO Store (Store_id, Store_name, Store_Address, Store_phone, Store_City, Store_State_name) VALUES (7, 'Malabar_store', '2612 Berry Dr', '1 (11) 543 535-0184', 'Malabar                       ', 'New South Wales');
INSERT INTO Store (Store_id, Store_name, Store_Address, Store_phone, Store_City, Store_State_name) VALUES (8, 'Matraville_store', '942 Brook Street', '1 (11) 543 535-0126', 'Matraville                    ', 'New South Wales');
INSERT INTO Store (Store_id, Store_name, Store_Address, Store_phone, Store_City, Store_State_name) VALUES (9, 'Milsons Point_store', '624 Peabody Road', '1 (11) 543 535-0164', 'Milsons Point                 ', 'New South Wales');
INSERT INTO Store (Store_id, Store_name, Store_Address, Store_phone, Store_City, Store_State_name) VALUES (10, 'Newcastle_store', '3839 Northgate Road', '1 (11) 543 535-0110', 'Newcastle                     ', 'New South Wales');
INSERT INTO Store (Store_id, Store_name, Store_Address, Store_phone, Store_City, Store_State_name) VALUES (11, 'North Ryde_store', '7800 Corrinne Court', '1 (11) 543 535-0169', 'North Ryde                    ', 'New South Wales');
INSERT INTO Store (Store_id, Store_name, Store_Address, Store_phone, Store_City, Store_State_name) VALUES (12, 'North Sydney_store', '1224 Shoenic', '1 (11) 543 535-0117', 'North Sydney                  ', 'New South Wales');
INSERT INTO Store (Store_id, Store_name, Store_Address, Store_phone, Store_City, Store_State_name) VALUES (13, 'Port Macquarie_store', '4785 Scott Street', '717-535-0164', 'Port Macquarie                ', 'New South Wales');
INSERT INTO Store (Store_id, Store_name, Store_Address, Store_phone, Store_City, Store_State_name) VALUES (14, 'Rhodes_store', '7902 Hudson Ave.', '817-535-0185', 'Rhodes                        ', 'New South Wales');
INSERT INTO Store (Store_id, Store_name, Store_Address, Store_phone, Store_City, Store_State_name) VALUES (15, 'Silverwater_store', '9011 Tank Drive', '431-535-0156', 'Silverwater                   ', 'New South Wales');
INSERT INTO Store (Store_id, Store_name, Store_Address, Store_phone, Store_City, Store_State_name) VALUES (16, 'Springwood_store', '244 Willow Pass Road', '208-535-0142', 'Springwood                    ', 'New South Wales');
INSERT INTO Store (Store_id, Store_name, Store_Address, Store_phone, Store_City, Store_State_name) VALUES (17, 'St. Leonards_store', '9666 Northridge Ct.', '135-535-0171', 'St. Leonards                  ', 'New South Wales');
INSERT INTO Store (Store_id, Store_name, Store_Address, Store_phone, Store_City, Store_State_name) VALUES (18, 'Sydney_store', '7330 Saddlehill Lane', '1 (11) 543 535-0195', 'Sydney                        ', 'New South Wales');
INSERT INTO Store (Store_id, Store_name, Store_Address, Store_phone, Store_City, Store_State_name) VALUES (19, 'Wollongong_store', '244 Rivewview', '1 (11) 543 535-0137', 'Wollongong                    ', 'New South Wales');
INSERT INTO Store (Store_id, Store_name, Store_Address, Store_phone, Store_City, Store_State_name) VALUES (20, 'Brisbane_store', '7832 Landing Dr', '262-535-0112', 'Brisbane                      ', 'Queensland');
INSERT INTO Store (Store_id, Store_name, Store_Address, Store_phone, Store_City, Store_State_name) VALUES (21, 'Caloundra_store', '7156 Rose Dr.', '550-535-0163', 'Caloundra                     ', 'Queensland');
INSERT INTO Store (Store_id, Store_name, Store_Address, Store_phone, Store_City, Store_State_name) VALUES (22, 'East Brisbane_store', '8148 W. Lake Dr.', '622-535-0158', 'East Brisbane                 ', 'Queensland');
INSERT INTO Store (Store_id, Store_name, Store_Address, Store_phone, Store_City, Store_State_name) VALUES (23, 'Gold Coast_store', '1769 Nicholas Drive', '589-535-0185', 'Gold Coast                    ', 'Queensland');
INSERT INTO Store (Store_id, Store_name, Store_Address, Store_phone, Store_City, Store_State_name) VALUES (24, 'Hawthorne_store', '4499 Valley Crest', '452-535-0188', 'Hawthorne                     ', 'Queensland');
INSERT INTO Store (Store_id, Store_name, Store_Address, Store_phone, Store_City, Store_State_name) VALUES (25, 'Hervey Bay_store', '8734 Oxford Place', '746-535-0186', 'Hervey Bay                    ', 'Queensland');
INSERT INTO Store (Store_id, Store_name, Store_Address, Store_phone, Store_City, Store_State_name) VALUES (26, 'Rockhampton_store', '2596 Franklin Canyon Road', '1 (11) 543 535-0178', 'Rockhampton                   ', 'Queensland');
INSERT INTO Store (Store_id, Store_name, Store_Address, Store_phone, Store_City, Store_State_name) VALUES (27, 'Townsville_store', '8211 Leeds Ct.', '1 (11) 543 535-0131', 'Townsville                    ', 'Queensland');
INSERT INTO Store (Store_id, Store_name, Store_Address, Store_phone, Store_City, Store_State_name) VALUES (28, 'Cloverdale_store', '213 Valencia Place', '1 (11) 543 535-0184', 'Cloverdale                    ', 'South Australia');
INSERT INTO Store (Store_id, Store_name, Store_Address, Store_phone, Store_City, Store_State_name) VALUES (29, 'Findon_store', '9111 Rose Ann Ave', '1 (11) 543 535-0116', 'Findon                        ', 'South Australia');
INSERT INTO Store (Store_id, Store_name, Store_Address, Store_phone, Store_City, Store_State_name) VALUES (30, 'Perth_store', '6385 Mark Twain', '1 (11) 543 535-0146', 'Perth                         ', 'South Australia');
INSERT INTO Store (Store_id, Store_name, Store_Address, Store_phone, Store_City, Store_State_name) VALUES (31, 'Hobart_store', '636 Vine Hill Way', '1 (11) 543 535-0182', 'Hobart                        ', 'Tasmania');
INSERT INTO Store (Store_id, Store_name, Store_Address, Store_phone, Store_City, Store_State_name) VALUES (32, 'Bendigo_store', '6465 Detroit Ave.', '1 (11) 543 535-0195', 'Bendigo                       ', 'Victoria');
INSERT INTO Store (Store_id, Store_name, Store_Address, Store_phone, Store_City, Store_State_name) VALUES (33, 'Cranbourne_store', '626 Bentley Street', '1 (11) 543 535-0169', 'Cranbourne                    ', 'Victoria');
INSERT INTO Store (Store_id, Store_name, Store_Address, Store_phone, Store_City, Store_State_name) VALUES (34, 'Geelong_store', '5927 Rainbow Dr', '1 (11) 543 535-0137', 'Geelong                       ', 'Victoria');
INSERT INTO Store (Store_id, Store_name, Store_Address, Store_phone, Store_City, Store_State_name) VALUES (35, 'Melbourne_store', '5167 Condor Place', '1 (11) 543 535-0136', 'Melbourne                     ', 'Victoria');
INSERT INTO Store (Store_id, Store_name, Store_Address, Store_phone, Store_City, Store_State_name) VALUES (36, 'Melton_store', '1873 Mt. Whitney Dr', '1 (11) 543 535-0177', 'Melton                        ', 'Victoria');
INSERT INTO Store (Store_id, Store_name, Store_Address, Store_phone, Store_City, Store_State_name) VALUES (37, 'Seaford_store', '3981 Augustine Drive', '115-535-0183', 'Seaford                       ', 'Victoria');
INSERT INTO Store (Store_id, Store_name, Store_Address, Store_phone, Store_City, Store_State_name) VALUES (38, 'South Melbourne_store', '8915 Woodside Way', '229-535-0112', 'South Melbourne               ', 'Victoria');
INSERT INTO Store (Store_id, Store_name, Store_Address, Store_phone, Store_City, Store_State_name) VALUES (39, 'Sunbury_store', '8357 Sandy Cove Lane', '1 (11) 543 535-0114', 'Sunbury                       ', 'Victoria');
INSERT INTO Store (Store_id, Store_name, Store_Address, Store_phone, Store_City, Store_State_name) VALUES (40, 'Warrnambool_store', '9353 Creekside Dr.', '1 (11) 543 535-0183', 'Warrnambool                   ', 'Victoria');
INSERT INTO Store (Store_id, Store_name, Store_Address, Store_phone, Store_City, Store_State_name) VALUES (50, 'MEAN', 'MEAN', 'MEAN', 'MEAN', 'MEAN');

COMMIT TRANSACTION;
PRAGMA foreign_keys = on;
